----------會員資料---------
alter session set deferred_segment_creation=false;

--DROP TABLE MEMBER_INFO;
--DROP SEQUENCE member_seq;
--DROP TRIGGER M_trigger;

CREATE TABLE MEMBER_INFO (
 Member_No              VARCHAR2(10) NOT NULL,
 Member_Name            VARCHAR2(50) NOT NULL,
 Member_Account         VARCHAR2(50) NOT NULL,
 Member_Password        VARCHAR2(10),
 Bonus                  NUMBER(10),
 Phone                  VARCHAR2(50) NOT NULL,
 Address                VARCHAR2(300) NOT NULL,
 Sex                    NUMBER(2),--(0)male,(1)female
 Birthday               DATE,
 Member_Pic             BLOB,
 Member_Type            NUMBER(2),--(0)一般,(1)園地-
 Status                 NUMBER(2),--(0)正常,(1)待驗證
 File_Content           BLOB,
 Bank_Account           VARCHAR2(20),
 
 
 CONSTRAINT MEMBER_INFO_PRIMARY_KEY PRIMARY KEY (Member_No));
 COMMENT ON COLUMN MEMBER_INFO.Sex IS '0:male ,1:female';
 COMMENT ON COLUMN MEMBER_INFO.Member_Type IS '0:一般 ,1:園地';
 COMMENT ON COLUMN MEMBER_INFO.Status IS '0:正常 ,1:待驗證';


CREATE SEQUENCE member_seq
INCREMENT BY 1
START WITH 1
NOMAXVALUE
NOCYCLE
NOCACHE;

/
CREATE OR REPLACE TRIGGER M_trigger  
BEFORE INSERT ON MEMBER_INFO
FOR EACH ROW

BEGIN
  SELECT 'M' || TRIM(TO_CHAR(member_seq.NEXTVAL, '0000'))
  INTO   :new.Member_No
  FROM   dual;
  END;
/

INSERT INTO MEMBER_INFO (Member_Name, Member_Account, Member_Password, Bonus, Phone, Address, Sex, Birthday, Member_Pic, Member_Type, Status, File_Content, Bank_Account)
            VALUES ('陳伯伯流浪貓狗園', 'john7712@gmail.com','aaa123456',0,'0910123456', '桃園市中壢區中山路24巷5號12樓之一',0, TO_DATE('1981-11-17','YYYY-MM-DD') ,'' , 1, 0,'' ,'516071732978');
INSERT INTO MEMBER_INFO (Member_Name, Member_Account, Member_Password, Bonus, Phone, Address, Sex, Birthday, Member_Pic, Member_Type, Status, File_Content, Bank_Account)
            VALUES ('王爸流浪動物之家', 'ming7712@gmail.com','aaa123456',0,'0912345678', '桃園市中壢區中大路300號', 0, TO_DATE('1987-10-10','YYYY-MM-DD') ,'' , 1, 0,'' ,'216081837278');
INSERT INTO MEMBER_INFO ( Member_Name, Member_Account, Member_Password, Bonus, Phone, Address, Sex, Birthday, Member_Pic, Member_Type, Status, File_Content, Bank_Account)
            VALUES ('張媽媽流浪動物園', 'mei8787@gmail.com','aaa123456',0,'0987878787', '桃園市平鎮區中央路87號', 1, TO_DATE('1987-08-07','YYYY-MM-DD') ,'' , 1, 0,'' ,'198062637298');
INSERT INTO MEMBER_INFO (Member_Name, Member_Account, Member_Password, Bonus, Phone, Address, Sex, Birthday, Member_Pic, Member_Type, Status, File_Content, Bank_Account)
            VALUES ('三叔貓狗園', 'three333@gmail.com','aaa123456',0,'0933123456', '桃園市中壢區中大路3號', 0, TO_DATE('1983-03-03','YYYY-MM-DD') ,'' , 1, 0,'' ,'336069637298');
INSERT INTO MEMBER_INFO (Member_Name, Member_Account, Member_Password, Bonus, Phone, Address, Sex, Birthday, Member_Pic, Member_Type, Status, File_Content, Bank_Account)
            VALUES ('台北李伯伯流浪動物之家', 'four4444@gmail.com','aaa123456',0,'0944123444', '台北市中山區龍江路412巷20號', 0, TO_DATE('1944-04-04','YYYY-MM-DD') ,'' , 0, 0,'' ,'676099972978');
INSERT INTO MEMBER_INFO (Member_Name, Member_Account, Member_Password, Bonus, Phone, Address, Sex, Birthday, Member_Pic, Member_Type, Status, File_Content, Bank_Account)
            VALUES ('如嬤嬤狗園', 'llidia59@gmail.com','aaa123456',0,'0910123779', '台北市中山區龍江路412巷10號', 1, TO_DATE('1944-04-04','YYYY-MM-DD') ,'' , 1, 0,'' ,'316045637978');
INSERT INTO MEMBER_INFO (Member_Name, Member_Account, Member_Password, Bonus, Phone, Address, Sex, Birthday, Member_Pic, Member_Type, Status, File_Content, Bank_Account)
            VALUES ('果醬爺爺貓狗園', 'jam123@gmail.com','aaa123456',0,'0910123333', '桃園市平鎮區中央路88號', 0, TO_DATE('1954-05-04','YYYY-MM-DD') ,'' , 1, 1,'' ,'598423072978');
INSERT INTO MEMBER_INFO (Member_Name, Member_Account, Member_Password, Bonus, Phone, Address, Sex, Birthday, Member_Pic, Member_Type, Status, File_Content, Bank_Account)
            VALUES ('武漢細菌人', 'covid_19@gmail.com','aaa123456',0,'0919191919', '台北市中山區中山北路二段96號',0, TO_DATE('1964-06-04','YYYY-MM-DD') ,'' , 0, 0,'' ,'713505584242');
INSERT INTO MEMBER_INFO (Member_Name, Member_Account, Member_Password, Bonus, Phone, Address, Sex, Birthday, Member_Pic, Member_Type, Status, File_Content, Bank_Account)
            VALUES ('茉莉兒貓狗園', 'ping123@gmail.com','aaa123456',0,'0989898989', '台北市北投區石牌路二段201號', 0, TO_DATE('1977-07-07','YYYY-MM-DD') ,'' , 1, 0,'' ,'706151940765');
INSERT INTO MEMBER_INFO (Member_Name, Member_Account, Member_Password, Bonus, Phone, Address, Sex, Birthday, Member_Pic, Member_Type, Status, File_Content, Bank_Account)
            VALUES ('彰化柯伯伯流浪貓狗園', 'wen123@gmail.com','aaa123456',0,'0912121212', '彰化縣員林市大同路二段137號',0, TO_DATE('1988-08-08','YYYY-MM-DD') ,'' , 1, 0,'' ,'964978737297');
INSERT INTO MEMBER_INFO (Member_Name, Member_Account, Member_Password, Bonus, Phone, Address, Sex, Birthday, Member_Pic, Member_Type, Status, File_Content, Bank_Account)
            VALUES ('吳叔叔流浪動物之家', 'david123@gmail.com','aaa123456',0,'0923232323', '台南市北區西門路四段482號', 0, TO_DATE('1965-06-05','YYYY-MM-DD') ,'' , 1, 0,'' ,'987671737298');
INSERT INTO MEMBER_INFO (Member_Name, Member_Account, Member_Password, Bonus, Phone, Address, Sex, Birthday, Member_Pic, Member_Type, Status, File_Content, Bank_Account)
            VALUES ('吳爸爸浪浪園地', 'peter123@gmail.com','aaa123456',0,'0956565656', '高雄市三民區大順二路207號', 0, TO_DATE('1991-09-01','YYYY-MM-DD') ,'' , 1, 0,'' ,'245671737297');
INSERT INTO MEMBER_INFO (Member_Name, Member_Account, Member_Password, Bonus, Phone, Address, Sex, Birthday, Member_Pic, Member_Type, Status, File_Content, Bank_Account)
            VALUES ('野原廣志', 'dodo123@gmail.com','aaa123456',0,'0910101010', '高雄市小港區宏平路322號', 1, TO_DATE('1986-08-06','YYYY-MM-DD') ,'' , 0, 0,'' ,'266888066296');
INSERT INTO MEMBER_INFO (Member_Name, Member_Account, Member_Password, Bonus, Phone, Address, Sex, Birthday, Member_Pic, Member_Type, Status, File_Content, Bank_Account)
            VALUES ('奶油妹妹', 'circle123@gmail.com','aaa123456',0,'0910123123', '高雄市楠梓區壽民路222號', 1, TO_DATE('1955-05-05','YYYY-MM-DD') ,'' , 0, 0,'' ,'987471737654');            
INSERT INTO MEMBER_INFO (Member_Name, Member_Account, Member_Password, Bonus, Phone, Address, Sex, Birthday, Member_Pic, Member_Type, Status, File_Content, Bank_Account)
            VALUES ('蛋黃哥', 'red123@gmail.com','aaa123456',0,'0910123321', '新竹市香山區內湖路68號', 0, TO_DATE('1966-06-06','YYYY-MM-DD') ,'' , 0, 0, '', '116609165324');            
INSERT INTO MEMBER_INFO (Member_Name, Member_Account, Member_Password, Bonus, Phone, Address, Sex, Birthday, Member_Pic, Member_Type, Status, File_Content, Bank_Account)
            VALUES ('花花', 'yen123@gmail.com','aaa123456',0,'0910123654', '新竹市東區學府路128號', 0, TO_DATE('1975-07-05','YYYY-MM-DD') ,'' , 0, 0, '', '341066551584');

commit;

----------會員寵物圖片----------
alter session set deferred_segment_creation=false;

--DROP TABLE MEMBER_PET_PIC;
--DROP SEQUENCE member_pet_pic_seq;


CREATE TABLE MEMBER_PET_PIC (
 Pet_Pic_No         VARCHAR2(10) NOT NULL,
 Member_No          VARCHAR2(10) NOT NULL REFERENCES MEMBER_INFO(Member_No),
 Picture            BLOB,
 
 CONSTRAINT MEMBER_PET_PIC_PRIMARY_KEY PRIMARY KEY (Pet_Pic_No));
 
CREATE SEQUENCE member_pet_pic_seq
INCREMENT BY 1
START WITH 1
NOMAXVALUE
NOCYCLE
NOCACHE;

/
CREATE OR REPLACE TRIGGER MPP_trigger  
BEFORE INSERT ON MEMBER_PET_PIC
FOR EACH ROW

BEGIN
  SELECT 'MPP' || TRIM(to_char(member_pet_pic_seq.NEXTVAL, '0009'))
  INTO   :new.Pet_Pic_No
  FROM   dual;
END;
/


commit;

----------員工----------
alter session set deferred_segment_creation=false;

--DROP TABLE EMPLOYEE;
--DROP SEQUENCE EMPLOYEE_seq;
--DROP TRIGGER EMP_trigger; 

CREATE TABLE EMPLOYEE (
 Emp_No         VARCHAR2(10) NOT NULL,
 Emp_Name       VARCHAR2(20) NOT NULL,
 Status         number(2),--0在職,1離職
 Emp_Pic        BLOB,
 Emp_Account    VARCHAR2(50) NOT NULL,
 Emp_Password   VARCHAR2(10) NOT NULL,

 
 CONSTRAINT Emp_No_KEY PRIMARY KEY (Emp_No));
 COMMENT ON COLUMN EMPLOYEE.Status IS '0:在職 ,1:離職';
 
CREATE SEQUENCE EMPLOYEE_seq
INCREMENT BY 1
START WITH 1
NOMAXVALUE
NOCYCLE
NOCACHE;

/
CREATE OR REPLACE TRIGGER EMP_trigger  
BEFORE INSERT ON EMPLOYEE
FOR EACH ROW

BEGIN
  SELECT 'EMP' || TRIM(to_char(EMPLOYEE_seq.NEXTVAL, '09'))
  INTO   :new.Emp_No
  FROM   dual;
END;
/

INSERT INTO EMPLOYEE (Emp_Name ,Status ,Emp_Account ,Emp_Password) VALUES ('尤教授' ,0,'DrYo@hotmail.com', 'aaa123456');
INSERT INTO EMPLOYEE (Emp_Name ,Status ,Emp_Account ,Emp_Password) VALUES ('魔人啾啾' ,0,'mojojojo@gmail.com', 'aaa123456');
INSERT INTO EMPLOYEE (Emp_Name ,Status ,Emp_Account ,Emp_Password) VALUES ('泡泡' ,0,'bubble@gmail.com', 'aaa123456');
INSERT INTO EMPLOYEE (Emp_Name ,Status ,Emp_Account ,Emp_Password) VALUES ('毛毛' ,0,'fluffy@hotmail.com', 'aaa123456');
INSERT INTO EMPLOYEE (Emp_Name ,Status ,Emp_Account ,Emp_Password) VALUES ('皮卡丘' ,0,'pikapi@gmail.com', 'aaa123456');
INSERT INTO EMPLOYEE (Emp_Name ,Status ,Emp_Account ,Emp_Password) VALUES ('小智' ,1,'chichi@hotmail.com', 'aaa123456');
INSERT INTO EMPLOYEE (Emp_Name ,Status ,Emp_Account ,Emp_Password) VALUES ('小霞' ,1,'beauty88@gmail.com', 'aaa123456');
INSERT INTO EMPLOYEE (Emp_Name ,Status ,Emp_Account ,Emp_Password) VALUES ('小剛' ,1,'noeyes@gmail.com', 'aaa123456');
INSERT INTO EMPLOYEE (Emp_Name ,Status ,Emp_Account ,Emp_Password) VALUES ('哈特利',0,'ninijapan@hotmail.com', 'aaa123456');
INSERT INTO EMPLOYEE (Emp_Name ,Status ,Emp_Account ,Emp_Password) VALUES ('獅子丸' ,1,'lionball@gmail.com', 'aaa123456');

commit;


----------員工功能----------
alter session set deferred_segment_creation=false;

--DROP TABLE FEATURE;
--DROP SEQUENCE FEATURE_seq;
--DROP TRIGGER F_trigger;

CREATE TABLE FEATURE (
 Function_No VARCHAR2(10) NOT NULL,
 Function_Name VARCHAR2(30) NOT NULL,

 
 CONSTRAINT FEATURE_KEY PRIMARY KEY (Function_No));
 
CREATE SEQUENCE FEATURE_seq
INCREMENT BY 1
START WITH 1
NOMAXVALUE
NOCYCLE
NOCACHE;

/
CREATE OR REPLACE TRIGGER F_trigger  
BEFORE INSERT ON FEATURE
FOR EACH ROW

BEGIN
  SELECT 'F' || TRIM(to_char(FEATURE_seq.NEXTVAL, '009'))
  INTO   :new.Function_No
  FROM   dual;
END;
/

INSERT INTO FEATURE (Function_Name) VALUES ('員工管理');
INSERT INTO FEATURE (Function_Name) VALUES ('會員管理');
INSERT INTO FEATURE (Function_Name) VALUES ('商城管理');
INSERT INTO FEATURE (Function_Name) VALUES ('直播管理');
INSERT INTO FEATURE (Function_Name) VALUES ('公益管理');
INSERT INTO FEATURE (Function_Name) VALUES ('檢舉案件管理');

commit;


----------員工權限----------
alter session set deferred_segment_creation=false;

--DROP TABLE AUTHORITY;


CREATE TABLE AUTHORITY (
 Emp_No VARCHAR2(10) NOT NULL REFERENCES EMPLOYEE(Emp_No),
 Function_No VARCHAR2(10) NOT NULL REFERENCES FEATURE(Function_No),

CONSTRAINT AUTHORITY PRIMARY KEY (Emp_No,Function_No));

INSERT INTO AUTHORITY (Emp_No ,Function_No) VALUES ('EMP01' ,'F001');
INSERT INTO AUTHORITY (Emp_No ,Function_No) VALUES ('EMP01' ,'F002');
INSERT INTO AUTHORITY (Emp_No ,Function_No) VALUES ('EMP01' ,'F003');
INSERT INTO AUTHORITY (Emp_No ,Function_No) VALUES ('EMP01' ,'F004');
INSERT INTO AUTHORITY (Emp_No ,Function_No) VALUES ('EMP01' ,'F005');
INSERT INTO AUTHORITY (Emp_No ,Function_No) VALUES ('EMP01' ,'F006');
INSERT INTO AUTHORITY (Emp_No ,Function_No) VALUES ('EMP02' ,'F001');
INSERT INTO AUTHORITY (Emp_No ,Function_No) VALUES ('EMP02' ,'F002');
INSERT INTO AUTHORITY (Emp_No ,Function_No) VALUES ('EMP03' ,'F003');
INSERT INTO AUTHORITY (Emp_No ,Function_No) VALUES ('EMP03' ,'F004');
INSERT INTO AUTHORITY (Emp_No ,Function_No) VALUES ('EMP04' ,'F005');
INSERT INTO AUTHORITY (Emp_No ,Function_No) VALUES ('EMP04' ,'F006');
INSERT INTO AUTHORITY (Emp_No ,Function_No) VALUES ('EMP05' ,'F004');
INSERT INTO AUTHORITY (Emp_No ,Function_No) VALUES ('EMP05' ,'F005');
INSERT INTO AUTHORITY (Emp_No ,Function_No) VALUES ('EMP05' ,'F006');
INSERT INTO AUTHORITY (Emp_No ,Function_No) VALUES ('EMP06' ,'F001');
INSERT INTO AUTHORITY (Emp_No ,Function_No) VALUES ('EMP06' ,'F002');
INSERT INTO AUTHORITY (Emp_No ,Function_No) VALUES ('EMP06' ,'F003');
INSERT INTO AUTHORITY (Emp_No ,Function_No) VALUES ('EMP07' ,'F001');
INSERT INTO AUTHORITY (Emp_No ,Function_No) VALUES ('EMP07' ,'F003');
INSERT INTO AUTHORITY (Emp_No ,Function_No) VALUES ('EMP07' ,'F005');
INSERT INTO AUTHORITY (Emp_No ,Function_No) VALUES ('EMP08' ,'F002');
INSERT INTO AUTHORITY (Emp_No ,Function_No) VALUES ('EMP08' ,'F004');
INSERT INTO AUTHORITY (Emp_No ,Function_No) VALUES ('EMP08' ,'F006');
INSERT INTO AUTHORITY (Emp_No ,Function_No) VALUES ('EMP09' ,'F005');
INSERT INTO AUTHORITY (Emp_No ,Function_No) VALUES ('EMP09' ,'F006');
INSERT INTO AUTHORITY (Emp_No ,Function_No) VALUES ('EMP10' ,'F003');
INSERT INTO AUTHORITY (Emp_No ,Function_No) VALUES ('EMP10' ,'F004');


commit;

---------產品類別----------
--drop table PRODUCT_CATEGORY;
--drop SEQUENCE PRODUCT_CATEGORY_seq;
--drop TRIGGER PRODUCT_CATEGORY_trigger;

create table PRODUCT_CATEGORY(
	Category_No varchar2(10) not null primary key ,
	Category_Name varchar2(10) not null
);

CREATE SEQUENCE PRODUCT_CATEGORY_seq
INCREMENT BY 1
START WITH 1
NOMAXVALUE
NOCYCLE
NOCACHE;

/
create or replace TRIGGER PRODUCT_CATEGORY_trigger 
BEFORE INSERT ON PRODUCT_CATEGORY
FOR EACH ROW
BEGIN
SELECT
'C' ||  TRIM(TO_CHAR(PRODUCT_CATEGORY_seq.nextval, '000')) INTO :new.Category_No 
FROM dual;
END;
/

insert into PRODUCT_CATEGORY(Category_Name)values('貓飼料');
insert into PRODUCT_CATEGORY(Category_Name)values('貓零食');
insert into PRODUCT_CATEGORY(Category_Name)values('狗飼料');
insert into PRODUCT_CATEGORY(Category_Name)values('狗零食');
insert into PRODUCT_CATEGORY(Category_Name)values('保健品');
insert into PRODUCT_CATEGORY(Category_Name)values('居家');
insert into PRODUCT_CATEGORY(Category_Name)values('外出');
insert into PRODUCT_CATEGORY(Category_Name)values('試衣間');

commit;

----------產品----------
--drop table Product;
--drop SEQUENCE Product_seq;
--drop TRIGGER Product_trigger;

create table Product(
	Product_No varchar2(10) not null primary key,
	Product_Name varchar2(150) not null,
	Category_No	varchar2(10) not null,
	Status number(2) DEFAULT 1 not null ,
	Price number(5) not null,
	Total_Sales number(10) DEFAULT 0,
	Total_Evaluation number(10) DEFAULT 0,
	Total_Star number(10) DEFAULT 0,
	Description varchar2(900)
);

COMMENT ON COLUMN G2.Product.Status IS '0:上架 ,1:下架';

CREATE SEQUENCE Product_seq
INCREMENT BY 1
START WITH 1
NOMAXVALUE
NOCYCLE
NOCACHE;

/
create or replace TRIGGER Product_trigger 
BEFORE INSERT ON Product
FOR EACH ROW
BEGIN
SELECT
'P' ||  TRIM(TO_CHAR(Product_seq.nextval, '0000')) INTO :new.Product_No 
FROM dual;
END;
/

INSERT INTO PRODUCT(PRODUCT_NAME,CATEGORY_NO,STATUS,PRICE,TOTAL_SALES,TOTAL_EVALUATION,TOTAL_STAR,DESCRIPTION)VALUES('貝斯比 樂活配方','C001','0',100,1,1,3,'◆WDJ推薦品牌飼料◆添牛磺酸促進視力心血管等發育 ◆添魚油Omega3.6脂肪酸 強健毛髮');
INSERT INTO PRODUCT(PRODUCT_NAME,CATEGORY_NO,STATUS,PRICE,TOTAL_SALES,TOTAL_EVALUATION,TOTAL_STAR,DESCRIPTION)VALUES('瑪丁 低過敏幼貓雞肉配方','C001','0',200,1,1,5,'採豐富的蛋白質、維生素、礦物質的配方助於幼貓之成長關鍵期。 配方針對幼貓特別設計外形、大小和堅硬度及適合牙齒和咀嚼能力，確保幼貓順利渡過離乳期-咬合-代謝率。');
INSERT INTO PRODUCT(PRODUCT_NAME,CATEGORY_NO,STATUS,PRICE,TOTAL_SALES,TOTAL_EVALUATION,TOTAL_STAR,DESCRIPTION)VALUES('希爾思 青春活力成貓配方','C001','0',550,1,1,4,'腦部功能－強效抗氧化劑幫助腦部健康，以促進與家人互動的欲望精力與活力－蛋白質與左旋肉酸素可改善活動力及行動力   健康的免疫系統－含維生素C+E，促進強健的免疫系統   健康的消化系統－使用美味好吃，且優質易消化的原料');
INSERT INTO PRODUCT(PRODUCT_NAME,CATEGORY_NO,STATUS,PRICE,TOTAL_SALES,TOTAL_EVALUATION,TOTAL_STAR,DESCRIPTION)VALUES('優格 零穀鮭魚貓糧','C001','0',90,1,1,3,'◆極致零穀配方◆優質蛋白質◆鮮採5種蔬果◆添加腸道益生菌和益生質');
INSERT INTO PRODUCT(PRODUCT_NAME,CATEGORY_NO,STATUS,PRICE,TOTAL_SALES,TOTAL_EVALUATION,TOTAL_STAR,DESCRIPTION)VALUES('ANF 特級幼母貓配方','C001','1',350,1,1,5,'以完美比例的三重蛋白質（雞肉，雞蛋及魚）使一般貓隻及挑嘴貓充分獲得均衡營養，嗜口性佳，離氧充氮包裝隔絕氧氣在飼料袋中氧化，填充氮氣全程保鮮確保飼料營養不流失，添加絲然萃取物有效降低糞便臭味，低鎂含量有效降低下泌尿道結石，添加足量牛磺酸降低眼盲及心臟病發生。');
INSERT INTO PRODUCT(PRODUCT_NAME,CATEGORY_NO,STATUS,PRICE,TOTAL_SALES,TOTAL_EVALUATION,TOTAL_STAR,DESCRIPTION)VALUES('柏萊富 幼貓成長配方','C001','1',100,1,1,2,'高優質全天然雞肉蛋白質，最容易消化吸收不含玉米、小麥、黃豆成份，低便量低便臭，高含量亞麻油酸，幫助護膚亮毛，豐富蔬果精華提升抗氧化，強化抵抗力');
INSERT INTO PRODUCT(PRODUCT_NAME,CATEGORY_NO,STATUS,PRICE,TOTAL_SALES,TOTAL_EVALUATION,TOTAL_STAR,DESCRIPTION)VALUES('活力滋 無穀成幼貓雞肉配方','C001','1',100,1,1,5,'◆益生菌搭配鮮雞肉 ◆全年齡貓咪營養配方 ◆消化系統益生菌整合配方');
INSERT INTO PRODUCT(PRODUCT_NAME,CATEGORY_NO,STATUS,PRICE,TOTAL_SALES,TOTAL_EVALUATION,TOTAL_STAR,DESCRIPTION)VALUES('菲爾比 成貓配方','C001','1',650,1,1,4,'成分：雞肉粉，禽肉，全粒玉米，小麥，燕麥粉，糙米，大豆粗粉，酵母，氨基酸，氯化鉀，乳酸桿菌（益生菌培養物），磷酸，膽鹼鹽酸鹽，牛磺酸，必需的維生素，維生素E（天然抗氧化劑），動物必須的礦物質。');
INSERT INTO PRODUCT(PRODUCT_NAME,CATEGORY_NO,STATUS,PRICE,TOTAL_SALES,TOTAL_EVALUATION,TOTAL_STAR,DESCRIPTION)VALUES('肚臍凸凸 原味雞肉片','C002','0',100,1,1,3,'◆手工生產新鮮現做8個月保期◆狗狗貓咪皆可食用◆100%原肉無添加。');
INSERT INTO PRODUCT(PRODUCT_NAME,CATEGORY_NO,STATUS,PRICE,TOTAL_SALES,TOTAL_EVALUATION,TOTAL_STAR,DESCRIPTION)VALUES('樂透beaphar 愛貓化毛餡餅','C002','0',50,1,1,1,'◆外穌內軟貓咪機能點心◆封口袋包裝保持風味◆當作零食獎勵直接餵食');
INSERT INTO PRODUCT(PRODUCT_NAME,CATEGORY_NO,STATUS,PRICE,TOTAL_SALES,TOTAL_EVALUATION,TOTAL_STAR,DESCRIPTION)VALUES('LUNCH鮪魚條-原汁鮪魚條','C002','1',90,1,1,2,'新鮮原味鮪魚肉條塊，採用人食用等級新鮮白身鮪魚，無油蒸煮，多汁營養不流失，無添加色素及人工防腐劑，添加牛磺酸全方位守護眼、腦、心。可當主食或副餐給予貓咪。');
INSERT INTO PRODUCT(PRODUCT_NAME,CATEGORY_NO,STATUS,PRICE,TOTAL_SALES,TOTAL_EVALUATION,TOTAL_STAR,DESCRIPTION)VALUES('Zeal 100%純肉貓用冷凍乾燥肉塊','C002','1',180,1,1,5,'◆ 冷凍乾燥技術保留食物營養◆ 紐西蘭食品安全機構(NZFSA)嚴格監控◆ 紐西蘭羊肉(70%)、鮭魚(30%)');
INSERT INTO PRODUCT(PRODUCT_NAME,CATEGORY_NO,STATUS,PRICE,TOTAL_SALES,TOTAL_EVALUATION,TOTAL_STAR,DESCRIPTION)VALUES('Gerber嘉寶 純鮮雞肉泥','C003','0',180,1,1,4,'◆ 優質純鮮雞肉泥◆ 用途廣泛訓練補充營養 ◆ 雞肉非火雞肉泥包裝不同');
INSERT INTO PRODUCT(PRODUCT_NAME,CATEGORY_NO,STATUS,PRICE,TOTAL_SALES,TOTAL_EVALUATION,TOTAL_STAR,DESCRIPTION)VALUES('西莎 蒸鮮包-成犬牛肉蔬菜','C003','0',330,1,1,5,'獨特的「蒸」煮方式，保留天然食材的原汁美味與營養，不添加料理用油的健康烹調，爽口不油膩，吃得到柔嫩多汁的牛肉與高湯精華凍，餐餐清爽無負擔，搭配乾糧也很合適喔！牛肉—口感滑嫩，鮮美又多汁高纖蔬果—加了南瓜、胡蘿蔔，美味更均衡');
INSERT INTO PRODUCT(PRODUCT_NAME,CATEGORY_NO,STATUS,PRICE,TOTAL_SALES,TOTAL_EVALUATION,TOTAL_STAR,DESCRIPTION)VALUES('HALO嘿囉 小型犬燉食','C003','0',150,1,1,4,'HALO嘿囉始終堅持只有未受過度加工破壞的營養，才能帶給寵物伴侶最佳的健康狀態與生活品質！◆完整鮮肉無添加肉粉◆最接近鮮肉的乾糧');
INSERT INTO PRODUCT(PRODUCT_NAME,CATEGORY_NO,STATUS,PRICE,TOTAL_SALES,TOTAL_EVALUATION,TOTAL_STAR,DESCRIPTION)VALUES('希爾思小型成犬鮮燉雞肉蔬菜主食餐','C003','0',220,1,1,3,'希爾思寵物食品小型及迷你成犬幼犬鮮燉雞肉與蔬菜餐盒，以美味的方式提供精確調整的均衡營養，可強化小型或迷你犬的整體健康與幸福感。使用真材實料雞肉、糙米、綜合蔬菜製作而成，佐以滿滿美味肉汁。容易消化配方，推薦 1歲以下幼犬食用。');
INSERT INTO PRODUCT(PRODUCT_NAME,CATEGORY_NO,STATUS,PRICE,TOTAL_SALES,TOTAL_EVALUATION,TOTAL_STAR,DESCRIPTION)VALUES('天然密碼 永恆狗主食罐','C003','0',30,1,1,3,'100％無穀物配方，旨在利用最好的自然品質，支持寵物健康，提供它們充滿活力的日常生活。◆無穀配方不含小麥玉米過敏食材 ◆含綠茶、Q10、綠唇貽貝、南瓜、葵花籽油和絲蘭◆國王鮭魚單一蛋白質配方');
INSERT INTO PRODUCT(PRODUCT_NAME,CATEGORY_NO,STATUS,PRICE,TOTAL_SALES,TOTAL_EVALUATION,TOTAL_STAR,DESCRIPTION)VALUES('2020新包裝 BOBY 特級機能愛犬餐罐','C003','1',50,1,1,2,'◆鋁箔杯蓋設計不割手 ◆餐杯設計機能配方 ◆特選鮮嫩雞肉，特別添加維他命E，能促進腸胃道功能，維持細胞完整，是愛犬的最愛。');
INSERT INTO PRODUCT(PRODUCT_NAME,CATEGORY_NO,STATUS,PRICE,TOTAL_SALES,TOTAL_EVALUATION,TOTAL_STAR,DESCRIPTION)VALUES('TNA 悠遊餐包-田園豚肉燉時蔬','C003','1',300,1,1,2,'包含每日所需的六大元素，將其配比為最適合寵物攝取及吸收的比例，保持選用的各類蔬果及優質肉品之完整性，其質量肉眼可視，可安心食用，堅持製造過程中絕不添加任何防腐劑、麩質、人工色素或化學物質。用心慎選新鮮食材，人類等級食用標準給我們毛小孩最好的。');
INSERT INTO PRODUCT(PRODUCT_NAME,CATEGORY_NO,STATUS,PRICE,TOTAL_SALES,TOTAL_EVALUATION,TOTAL_STAR,DESCRIPTION)VALUES('Organix 歐奇斯有機-成犬配方','C003','1',80,1,1,1,'食物就如同生命的燃料，劣質的燃料產生較小能量使得身體難以維持健全的運作及機能。好的食物一定就先從減少毒素與傷害性物質為前提；強調絕無抗生素、無農藥以及化學肥料、無成長荷爾蒙、無防腐劑與過敏源的飼料，將是您最佳選擇！');
INSERT INTO PRODUCT(PRODUCT_NAME,CATEGORY_NO,STATUS,PRICE,TOTAL_SALES,TOTAL_EVALUATION,TOTAL_STAR,DESCRIPTION)VALUES('Zeal 100%純肉犬用冷凍乾燥肉塊','C004','0',90,1,1,3,'◆ 冷凍乾燥技術保留食物營養◆ 紐西蘭食品安全機構(NZFSA)嚴格監控◆ 100%紐西蘭雞肉(50%)、羊肉(50%)。');
INSERT INTO PRODUCT(PRODUCT_NAME,CATEGORY_NO,STATUS,PRICE,TOTAL_SALES,TOTAL_EVALUATION,TOTAL_STAR,DESCRIPTION)VALUES('BonePlus 潔牙軟迪酥 超值罐','C004','0',50,1,1,4,'◆ 雙色潔牙仿皮骨皮卷設計◆ 可食性口香糖般地咀嚼嚼的次數◆ 能有效清除口臭牙垢及牙菌斑');
INSERT INTO PRODUCT(PRODUCT_NAME,CATEGORY_NO,STATUS,PRICE,TOTAL_SALES,TOTAL_EVALUATION,TOTAL_STAR,DESCRIPTION)VALUES('和風原味雞肉鬆 ','C004','1',130,1,1,4,'◆臺灣在地CAS健康雞肉◆純天然食品無任何添加物 無鹽◆添加入乾糧改善口感風味');
INSERT INTO PRODUCT(PRODUCT_NAME,CATEGORY_NO,STATUS,PRICE,TOTAL_SALES,TOTAL_EVALUATION,TOTAL_STAR,DESCRIPTION)VALUES('BOWWOW 鮑爾雞肉高鈣起司條1.2kg','C004','1',30,1,1,5,'◆優質肉類蛋白質來源◆含膳食纖維鈣質卵磷脂◆營養補充訓練獎勵皆宜');
INSERT INTO PRODUCT(PRODUCT_NAME,CATEGORY_NO,STATUS,PRICE,TOTAL_SALES,TOTAL_EVALUATION,TOTAL_STAR,DESCRIPTION)VALUES('CIAO 美麗高纖化毛粉','C005','0',500,1,1,5,'日本CIAO工廠生產。能減輕排泄異味，幫助貓咪排毛，細粉狀提高餵食方便性，可以和乾糧或濕糧或零嘴攪拌餵食。幫助貓咪消化毛球。專利產品，原料100%來自甲殼類(蝦、蟹)，是天然來歷的食物纖維，能夠增加產品適口性，產品不含熱量，貓咪吃了不會發胖。殼聚醣( 聚氨基葡萄糖) 對腸內的健康極為有用，作為化毛粉來說，其高含量的97%粗纖維能夠幫助貓咪腸胃蠕動，將日常清理身體時舔入的毛髮帶出。');
INSERT INTO PRODUCT(PRODUCT_NAME,CATEGORY_NO,STATUS,PRICE,TOTAL_SALES,TOTAL_EVALUATION,TOTAL_STAR,DESCRIPTION)VALUES('tomlyn 威隆左旋離胺酸補充粉','C005','0',900,1,1,4,'有效改善呼吸及流淚問題，增加抵抗力如果您的貓患有上呼吸道感染或貓皰疹，那麼為您的貓提供賴氨酸可以證明對他們的健康至關重要。Tomlyn威隆左旋離胺酸補充粉可為貓的免疫系統和眼睛健康提供支持。經過成貓和小貓測試和喜愛的口味，對所有年齡段的貓都是安全有效的。該氨基酸有助於緩解眼睛刺激，唇皰疹，打噴嚏，呼吸困難等狀況。');
INSERT INTO PRODUCT(PRODUCT_NAME,CATEGORY_NO,STATUS,PRICE,TOTAL_SALES,TOTAL_EVALUATION,TOTAL_STAR,DESCRIPTION)VALUES('Gimborn竣寶超級維他命膏','C005','0',850,1,1,4,'良好的免疫系統為貓咪的健康及長壽的關鍵，在緊張的環境下，貓咪需要吸收比平常更多的維生素、礦物質，此時，超級維他命膏升級版是經過獸醫師推薦的最佳營養補充品，含有12種必需維生素及特殊的免疫保護配方，提供免疫系統保健、日常保健神經及細胞。Gimborn竣寶超級維他命膏含有特殊的免疫保護配方。優質亞麻籽油和β-葡聚醣，可增強免疫系統，有助於建立可靠的保護，抵禦外界影響。亞麻籽油含有亞麻酸，它形成ω-3脂肪酸DHA和EPA的基礎。這些對細胞生成和神經組織很重要。');
INSERT INTO PRODUCT(PRODUCT_NAME,CATEGORY_NO,STATUS,PRICE,TOTAL_SALES,TOTAL_EVALUATION,TOTAL_STAR,DESCRIPTION)VALUES('8in1 加強型關節靈-天然葡萄糖胺90錠','C005','1',990,1,1,3,'使用Pro-Sense髖關節和關節解決方案片支持您的幼犬的共同健康。我們的定時釋放配方含有氨基葡萄糖，軟骨素，MSM和維生素C，有助於支持健康的關節功能。');
INSERT INTO PRODUCT(PRODUCT_NAME,CATEGORY_NO,STATUS,PRICE,TOTAL_SALES,TOTAL_EVALUATION,TOTAL_STAR,DESCRIPTION)VALUES('發育寶-S 整腸配方(中小型犬)CD2','C005','1',1000,1,1,5,'◆ 幫助消化預防下痢◆ 幼犬離乳調養健全發育◆ 成犬日常腸胃保健');
INSERT INTO PRODUCT(PRODUCT_NAME,CATEGORY_NO,STATUS,PRICE,TOTAL_SALES,TOTAL_EVALUATION,TOTAL_STAR,DESCRIPTION)VALUES('EVSCO艾斯克人蔘綜合營養膏','C005','1',999,1,1,5,'犬貓專用綜合營養膏、可幫助生長、強健體格。專為發育中、虛弱體質、懷孕期、及手術後等的快速營養補充劑。每公克含 4.4 大卡高熱量、最適合虛斯弱、罹病及老年犬貓補充能量。 添加 Ω-3 及 Ω-6 不飽和脂肪酸、保養皮毛。 口味絕佳、最適合誘導服藥、刺激食慾。 ');
INSERT INTO PRODUCT(PRODUCT_NAME,CATEGORY_NO,STATUS,PRICE,TOTAL_SALES,TOTAL_EVALUATION,TOTAL_STAR,DESCRIPTION)VALUES('IRIS 抗菌寵物澡盆','C006','0',600,1,1,3,'耐米抗菌樹脂材質，可以用節省空間的方式洗寵物。附掛有淋浴和吹風機的掛鉤，你可以鬆開雙手自由使用其他整理清洗吹風的動作！底部有大濾毛網，捕捉寵物毛髮而不會沖洗到下水道的缺口。有一個阻水孔塞器。 在底部則是一個濾毛網，捕捉寵物毛髮而不會沖洗到下水道的缺口。');
INSERT INTO PRODUCT(PRODUCT_NAME,CATEGORY_NO,STATUS,PRICE,TOTAL_SALES,TOTAL_EVALUATION,TOTAL_STAR,DESCRIPTION)VALUES('8in1自然奇蹟-酵素去漬除臭噴劑','C006','0',100,1,1,2,'◆酶酵素配方去除異味◆純水性安全不需擦拭 ◆無味配方除臭領導者你只需將發臭的有機物去除，再噴上酵素去漬除臭噴劑，很快就會將異味去除;同時對寵物及飼主及環境都是無害的，犬貓環境皆可使用。');
INSERT INTO PRODUCT(PRODUCT_NAME,CATEGORY_NO,STATUS,PRICE,TOTAL_SALES,TOTAL_EVALUATION,TOTAL_STAR,DESCRIPTION)VALUES('MS.PET 陶瓷保暖燈組40W','C006','0',250,1,1,2,'陶磁燈泡發熱不發光，不破壞寵物生理，一般標準插頭燈頭即可使用。可用於哺乳小動物、爬蟲狗貓等需保暖寵物。改善環境溫度，小寵物天冷會自動網燈組方向靠過去。以60x45 x45cm 空間使用40W  溫度約可上升7度。');
INSERT INTO PRODUCT(PRODUCT_NAME,CATEGORY_NO,STATUS,PRICE,TOTAL_SALES,TOTAL_EVALUATION,TOTAL_STAR,DESCRIPTION)VALUES('IRIS 厚型抗菌尿片','C006','0',80,1,1,5,'三重吸收結構，瞬間吸收，吸水能力好，吸水- 鎖水-防水薄膜隔離水厚型抗菌尿片有獨特抗菌能力，防止細菌的滋生，減少異味產生。三重吸收結構超強吸水力，防止尿液回滲。方便清理寵物的排泄物。');
INSERT INTO PRODUCT(PRODUCT_NAME,CATEGORY_NO,STATUS,PRICE,TOTAL_SALES,TOTAL_EVALUATION,TOTAL_STAR,DESCRIPTION)VALUES('8in1自然奇蹟-活氧酵素去漬除臭泡沫噴劑','C006','1',250,1,1,4,'本產品採用最好的清潔技術，研發出有效、安全又可靠的配方。先進的雙效配方，鎖臭功能，在接觸污漬表面即刻分解頑固的污漬和臭味。並有效地去除寵物的外激素，防止再度汙染。安全高效，同時本品對老舊、深層污漬臭味有良好的效果。');
INSERT INTO PRODUCT(PRODUCT_NAME,CATEGORY_NO,STATUS,PRICE,TOTAL_SALES,TOTAL_EVALUATION,TOTAL_STAR,DESCRIPTION)VALUES('光能淨 奈米寵物除臭噴劑','C006','1',250,1,1,3,'◆ 瞬間去味分解細菌◆ 奈米噴霧抗菌避免交叉感染◆ 通過日本食品衛生法◆ 美國FDA登錄為安全材料');
INSERT INTO PRODUCT(PRODUCT_NAME,CATEGORY_NO,STATUS,PRICE,TOTAL_SALES,TOTAL_EVALUATION,TOTAL_STAR,DESCRIPTION)VALUES('Naturebox 寵物茶籽酵素驅蟲除臭地板清潔液','C006','1',300,1,1,3,'天然茶籽酵素，搭配可淨化空氣之薄荷草菁華及安定心神的薰衣草菁華!!不必擔心化學成分危害，適用各式材質寵物房，還給您寵物舒適清爽的居住空間。「關懷生態保護」「給您與寵物一個純淨的生活空間」茶籽酵素內含去油制菌的天然皂素及茶鹼，是自然界遺留下來天然環保的最佳產物。');
INSERT INTO PRODUCT(PRODUCT_NAME,CATEGORY_NO,STATUS,PRICE,TOTAL_SALES,TOTAL_EVALUATION,TOTAL_STAR,DESCRIPTION)VALUES('樂透綠葉愛貓薰衣草盒裝蚤圈','C006','1',300,1,1,2,'◆可預防外寄生蟲停留 ◆純天然植物性精油◆對飼主及寵物都絕對安全');
INSERT INTO PRODUCT(PRODUCT_NAME,CATEGORY_NO,STATUS,PRICE,TOTAL_SALES,TOTAL_EVALUATION,TOTAL_STAR,DESCRIPTION)VALUES('DogiSmile太空漫步後背包','C007','0',800,1,1,3,'◆適合6Kg內寵物適合◆外銷歐美日品質創新品牌◆全新太空主題背包');
INSERT INTO PRODUCT(PRODUCT_NAME,CATEGORY_NO,STATUS,PRICE,TOTAL_SALES,TOTAL_EVALUATION,TOTAL_STAR,DESCRIPTION)VALUES('DogiSmile太空漫步後背包YXS秋冬外出透氣寵物背包','C007','0',700,1,1,5,'◆全方位透氣◆可摺疊收納◆頂部大開口，方便取出寵物');
INSERT INTO PRODUCT(PRODUCT_NAME,CATEGORY_NO,STATUS,PRICE,TOTAL_SALES,TOTAL_EVALUATION,TOTAL_STAR,DESCRIPTION)VALUES('Earth rated寵物環保撿便器','C007','0',100,1,1,4,'美加銷售第一，方便使用不髒手，便袋可自然分解');
INSERT INTO PRODUCT(PRODUCT_NAME,CATEGORY_NO,STATUS,PRICE,TOTAL_SALES,TOTAL_EVALUATION,TOTAL_STAR,DESCRIPTION)VALUES('多功能腳踏車休閒旅遊包','C007','0',600,1,1,3,'Chérie設計LOGO牛仔腳踏車包，左右皆有開口，適用於橫桿型的腳踏車');
INSERT INTO PRODUCT(PRODUCT_NAME,CATEGORY_NO,STATUS,PRICE,TOTAL_SALES,TOTAL_EVALUATION,TOTAL_STAR,DESCRIPTION)VALUES('叢林派對後寵物背包','C007','1',800,1,1,3,'★載重8KG、前後背、支援拉桿車★●可前背後背兩種使用設計●人體工學肩帶設計●獨家特殊造型外觀設計專利●可結合拉桿車與行李箱');
INSERT INTO PRODUCT(PRODUCT_NAME,CATEGORY_NO,STATUS,PRICE,TOTAL_SALES,TOTAL_EVALUATION,TOTAL_STAR,DESCRIPTION)VALUES('單寧後背包大型寵物袋','C007','1',300,1,1,2,'●載重12KG、前後背、支援拉桿車●可前背後背兩種使用設計●可扣在汽車座椅上(無須另外購買)●可結合拉桿車/行李箱使用●人體工學肩帶設計');
INSERT INTO PRODUCT(PRODUCT_NAME,CATEGORY_NO,STATUS,PRICE,TOTAL_SALES,TOTAL_EVALUATION,TOTAL_STAR,DESCRIPTION)VALUES('EVA經典防水摺疊透氣包','C007','1',200,1,1,3,'‧防水面料 不怕弄髒污 輕擦拭即可‧頂部大透氣孔 雙側邊透氣 空氣循環佳‧底部防滑設計‧塑鋼拉鍊材質 耐用度更佳');
INSERT INTO PRODUCT(PRODUCT_NAME,CATEGORY_NO,STATUS,PRICE,TOTAL_SALES,TOTAL_EVALUATION,TOTAL_STAR,DESCRIPTION)VALUES('佩貝樂貓咪太空包貓背包','C007','1',500,1,1,2,'‧後輩耐磨面料‧舒適雙肩背帶‧正面有六個透氣孔');
INSERT INTO PRODUCT(PRODUCT_NAME,CATEGORY_NO,STATUS,PRICE,TOTAL_SALES,TOTAL_EVALUATION,TOTAL_STAR,DESCRIPTION)VALUES('小小兵服裝','C008','0',480,1,1,5,'好穿。');
INSERT INTO PRODUCT(PRODUCT_NAME,CATEGORY_NO,STATUS,PRICE,TOTAL_SALES,TOTAL_EVALUATION,TOTAL_STAR,DESCRIPTION)VALUES('麥當勞裝','C008','0',550,1,1,5,'好穿。');
INSERT INTO PRODUCT(PRODUCT_NAME,CATEGORY_NO,STATUS,PRICE,TOTAL_SALES,TOTAL_EVALUATION,TOTAL_STAR,DESCRIPTION)VALUES('牛仔帆布鞋','C008','0',300,1,1,5,'好穿。');
INSERT INTO PRODUCT(PRODUCT_NAME,CATEGORY_NO,STATUS,PRICE,TOTAL_SALES,TOTAL_EVALUATION,TOTAL_STAR,DESCRIPTION)VALUES('狗狗雪靴','C008','0',480,1,1,5,'好穿。');
INSERT INTO PRODUCT(PRODUCT_NAME,CATEGORY_NO,STATUS,PRICE,TOTAL_SALES,TOTAL_EVALUATION,TOTAL_STAR,DESCRIPTION)VALUES('單身狗圍巾','C008','0',150,1,1,5,'好穿。');
INSERT INTO PRODUCT(PRODUCT_NAME,CATEGORY_NO,STATUS,PRICE,TOTAL_SALES,TOTAL_EVALUATION,TOTAL_STAR,DESCRIPTION)VALUES('獅子王頭套','C008','0',380,1,1,5,'好穿。');
INSERT INTO PRODUCT(PRODUCT_NAME,CATEGORY_NO,STATUS,PRICE,TOTAL_SALES,TOTAL_EVALUATION,TOTAL_STAR,DESCRIPTION)VALUES('福氣圍巾','C008','0',220,1,1,5,'好穿。');
INSERT INTO PRODUCT(PRODUCT_NAME,CATEGORY_NO,STATUS,PRICE,TOTAL_SALES,TOTAL_EVALUATION,TOTAL_STAR,DESCRIPTION)VALUES('太陽眼鏡','C008','0',100,1,1,5,'好穿。');
INSERT INTO PRODUCT(PRODUCT_NAME,CATEGORY_NO,STATUS,PRICE,TOTAL_SALES,TOTAL_EVALUATION,TOTAL_STAR,DESCRIPTION)VALUES('R95口罩','C008','0',50,1,1,5,'好穿。');
INSERT INTO PRODUCT(PRODUCT_NAME,CATEGORY_NO,STATUS,PRICE,TOTAL_SALES,TOTAL_EVALUATION,TOTAL_STAR,DESCRIPTION)VALUES('一般外科口罩','C008','0',20,1,1,5,'好穿。');
INSERT INTO PRODUCT(PRODUCT_NAME,CATEGORY_NO,STATUS,PRICE,TOTAL_SALES,TOTAL_EVALUATION,TOTAL_STAR,DESCRIPTION)VALUES('防塵黑口罩','C008','0',10,1,1,5,'好穿。');
INSERT INTO PRODUCT(PRODUCT_NAME,CATEGORY_NO,STATUS,PRICE,TOTAL_SALES,TOTAL_EVALUATION,TOTAL_STAR,DESCRIPTION)VALUES('醫療用口罩','C008','1',15,1,1,5,'好穿。');

commit;
----------產品圖片----------
--drop table Product_PIC;
--drop SEQUENCE Product_PIC_seq;
--drop TRIGGER Product_PIC_trigger;

create table Product_PIC(
Product_Pic_No varchar2(10) not null primary key,
Product_No varchar2(10) not null REFERENCES Product (Product_No),
Product_Pic Blob
);

CREATE SEQUENCE Product_PIC_seq
INCREMENT BY 1
START WITH 1
NOMAXVALUE
NOCYCLE
NOCACHE;

/
create or replace TRIGGER Product_PIC_trigger 
BEFORE INSERT ON Product_PIC
FOR EACH ROW
BEGIN
SELECT
'PP' ||  TRIM(TO_CHAR(Product_PIC_seq.nextval, '0000')) INTO :new.Product_Pic_No 
FROM dual;
END;
/

INSERT INTO PRODUCT_PIC(PRODUCT_NO,PRODUCT_PIC)VALUES('P0001',NULL);
INSERT INTO PRODUCT_PIC(PRODUCT_NO,PRODUCT_PIC)VALUES('P0001',NULL);
INSERT INTO PRODUCT_PIC(PRODUCT_NO,PRODUCT_PIC)VALUES('P0001',NULL);
INSERT INTO PRODUCT_PIC(PRODUCT_NO,PRODUCT_PIC)VALUES('P0001',NULL);
INSERT INTO PRODUCT_PIC(PRODUCT_NO,PRODUCT_PIC)VALUES('P0002',NULL);
INSERT INTO PRODUCT_PIC(PRODUCT_NO,PRODUCT_PIC)VALUES('P0002',NULL);
INSERT INTO PRODUCT_PIC(PRODUCT_NO,PRODUCT_PIC)VALUES('P0002',NULL);
INSERT INTO PRODUCT_PIC(PRODUCT_NO,PRODUCT_PIC)VALUES('P0002',NULL);
INSERT INTO PRODUCT_PIC(PRODUCT_NO,PRODUCT_PIC)VALUES('P0003',NULL);
INSERT INTO PRODUCT_PIC(PRODUCT_NO,PRODUCT_PIC)VALUES('P0003',NULL);
INSERT INTO PRODUCT_PIC(PRODUCT_NO,PRODUCT_PIC)VALUES('P0003',NULL);
INSERT INTO PRODUCT_PIC(PRODUCT_NO,PRODUCT_PIC)VALUES('P0003',NULL);
INSERT INTO PRODUCT_PIC(PRODUCT_NO,PRODUCT_PIC)VALUES('P0004',NULL);
INSERT INTO PRODUCT_PIC(PRODUCT_NO,PRODUCT_PIC)VALUES('P0004',NULL);
INSERT INTO PRODUCT_PIC(PRODUCT_NO,PRODUCT_PIC)VALUES('P0004',NULL);
INSERT INTO PRODUCT_PIC(PRODUCT_NO,PRODUCT_PIC)VALUES('P0004',NULL);
INSERT INTO PRODUCT_PIC(PRODUCT_NO,PRODUCT_PIC)VALUES('P0005',NULL);
INSERT INTO PRODUCT_PIC(PRODUCT_NO,PRODUCT_PIC)VALUES('P0005',NULL);
INSERT INTO PRODUCT_PIC(PRODUCT_NO,PRODUCT_PIC)VALUES('P0005',NULL);
INSERT INTO PRODUCT_PIC(PRODUCT_NO,PRODUCT_PIC)VALUES('P0005',NULL);
INSERT INTO PRODUCT_PIC(PRODUCT_NO,PRODUCT_PIC)VALUES('P0006',NULL);
INSERT INTO PRODUCT_PIC(PRODUCT_NO,PRODUCT_PIC)VALUES('P0006',NULL);
INSERT INTO PRODUCT_PIC(PRODUCT_NO,PRODUCT_PIC)VALUES('P0006',NULL);
INSERT INTO PRODUCT_PIC(PRODUCT_NO,PRODUCT_PIC)VALUES('P0006',NULL);
INSERT INTO PRODUCT_PIC(PRODUCT_NO,PRODUCT_PIC)VALUES('P0007',NULL);
INSERT INTO PRODUCT_PIC(PRODUCT_NO,PRODUCT_PIC)VALUES('P0007',NULL);
INSERT INTO PRODUCT_PIC(PRODUCT_NO,PRODUCT_PIC)VALUES('P0007',NULL);
INSERT INTO PRODUCT_PIC(PRODUCT_NO,PRODUCT_PIC)VALUES('P0007',NULL);
INSERT INTO PRODUCT_PIC(PRODUCT_NO,PRODUCT_PIC)VALUES('P0008',NULL);
INSERT INTO PRODUCT_PIC(PRODUCT_NO,PRODUCT_PIC)VALUES('P0008',NULL);
INSERT INTO PRODUCT_PIC(PRODUCT_NO,PRODUCT_PIC)VALUES('P0008',NULL);
INSERT INTO PRODUCT_PIC(PRODUCT_NO,PRODUCT_PIC)VALUES('P0008',NULL);
INSERT INTO PRODUCT_PIC(PRODUCT_NO,PRODUCT_PIC)VALUES('P0009',NULL);
INSERT INTO PRODUCT_PIC(PRODUCT_NO,PRODUCT_PIC)VALUES('P0009',NULL);
INSERT INTO PRODUCT_PIC(PRODUCT_NO,PRODUCT_PIC)VALUES('P0009',NULL);
INSERT INTO PRODUCT_PIC(PRODUCT_NO,PRODUCT_PIC)VALUES('P0009',NULL);
INSERT INTO PRODUCT_PIC(PRODUCT_NO,PRODUCT_PIC)VALUES('P0010',NULL);
INSERT INTO PRODUCT_PIC(PRODUCT_NO,PRODUCT_PIC)VALUES('P0010',NULL);
INSERT INTO PRODUCT_PIC(PRODUCT_NO,PRODUCT_PIC)VALUES('P0010',NULL);
INSERT INTO PRODUCT_PIC(PRODUCT_NO,PRODUCT_PIC)VALUES('P0010',NULL);
INSERT INTO PRODUCT_PIC(PRODUCT_NO,PRODUCT_PIC)VALUES('P0011',NULL);
INSERT INTO PRODUCT_PIC(PRODUCT_NO,PRODUCT_PIC)VALUES('P0011',NULL);
INSERT INTO PRODUCT_PIC(PRODUCT_NO,PRODUCT_PIC)VALUES('P0011',NULL);
INSERT INTO PRODUCT_PIC(PRODUCT_NO,PRODUCT_PIC)VALUES('P0011',NULL);
INSERT INTO PRODUCT_PIC(PRODUCT_NO,PRODUCT_PIC)VALUES('P0012',NULL);
INSERT INTO PRODUCT_PIC(PRODUCT_NO,PRODUCT_PIC)VALUES('P0012',NULL);
INSERT INTO PRODUCT_PIC(PRODUCT_NO,PRODUCT_PIC)VALUES('P0012',NULL);
INSERT INTO PRODUCT_PIC(PRODUCT_NO,PRODUCT_PIC)VALUES('P0012',NULL);
INSERT INTO PRODUCT_PIC(PRODUCT_NO,PRODUCT_PIC)VALUES('P0013',NULL);
INSERT INTO PRODUCT_PIC(PRODUCT_NO,PRODUCT_PIC)VALUES('P0013',NULL);
INSERT INTO PRODUCT_PIC(PRODUCT_NO,PRODUCT_PIC)VALUES('P0013',NULL);
INSERT INTO PRODUCT_PIC(PRODUCT_NO,PRODUCT_PIC)VALUES('P0013',NULL);
INSERT INTO PRODUCT_PIC(PRODUCT_NO,PRODUCT_PIC)VALUES('P0014',NULL);
INSERT INTO PRODUCT_PIC(PRODUCT_NO,PRODUCT_PIC)VALUES('P0014',NULL);
INSERT INTO PRODUCT_PIC(PRODUCT_NO,PRODUCT_PIC)VALUES('P0014',NULL);
INSERT INTO PRODUCT_PIC(PRODUCT_NO,PRODUCT_PIC)VALUES('P0014',NULL);
INSERT INTO PRODUCT_PIC(PRODUCT_NO,PRODUCT_PIC)VALUES('P0015',NULL);
INSERT INTO PRODUCT_PIC(PRODUCT_NO,PRODUCT_PIC)VALUES('P0015',NULL);
INSERT INTO PRODUCT_PIC(PRODUCT_NO,PRODUCT_PIC)VALUES('P0015',NULL);
INSERT INTO PRODUCT_PIC(PRODUCT_NO,PRODUCT_PIC)VALUES('P0015',NULL);
INSERT INTO PRODUCT_PIC(PRODUCT_NO,PRODUCT_PIC)VALUES('P0016',NULL);
INSERT INTO PRODUCT_PIC(PRODUCT_NO,PRODUCT_PIC)VALUES('P0016',NULL);
INSERT INTO PRODUCT_PIC(PRODUCT_NO,PRODUCT_PIC)VALUES('P0016',NULL);
INSERT INTO PRODUCT_PIC(PRODUCT_NO,PRODUCT_PIC)VALUES('P0016',NULL);
INSERT INTO PRODUCT_PIC(PRODUCT_NO,PRODUCT_PIC)VALUES('P0017',NULL);
INSERT INTO PRODUCT_PIC(PRODUCT_NO,PRODUCT_PIC)VALUES('P0017',NULL);
INSERT INTO PRODUCT_PIC(PRODUCT_NO,PRODUCT_PIC)VALUES('P0017',NULL);
INSERT INTO PRODUCT_PIC(PRODUCT_NO,PRODUCT_PIC)VALUES('P0017',NULL);
INSERT INTO PRODUCT_PIC(PRODUCT_NO,PRODUCT_PIC)VALUES('P0018',NULL);
INSERT INTO PRODUCT_PIC(PRODUCT_NO,PRODUCT_PIC)VALUES('P0018',NULL);
INSERT INTO PRODUCT_PIC(PRODUCT_NO,PRODUCT_PIC)VALUES('P0018',NULL);
INSERT INTO PRODUCT_PIC(PRODUCT_NO,PRODUCT_PIC)VALUES('P0018',NULL);
INSERT INTO PRODUCT_PIC(PRODUCT_NO,PRODUCT_PIC)VALUES('P0019',NULL);
INSERT INTO PRODUCT_PIC(PRODUCT_NO,PRODUCT_PIC)VALUES('P0019',NULL);
INSERT INTO PRODUCT_PIC(PRODUCT_NO,PRODUCT_PIC)VALUES('P0019',NULL);
INSERT INTO PRODUCT_PIC(PRODUCT_NO,PRODUCT_PIC)VALUES('P0019',NULL);
INSERT INTO PRODUCT_PIC(PRODUCT_NO,PRODUCT_PIC)VALUES('P0020',NULL);
INSERT INTO PRODUCT_PIC(PRODUCT_NO,PRODUCT_PIC)VALUES('P0020',NULL);
INSERT INTO PRODUCT_PIC(PRODUCT_NO,PRODUCT_PIC)VALUES('P0020',NULL);
INSERT INTO PRODUCT_PIC(PRODUCT_NO,PRODUCT_PIC)VALUES('P0020',NULL);
INSERT INTO PRODUCT_PIC(PRODUCT_NO,PRODUCT_PIC)VALUES('P0021',NULL);
INSERT INTO PRODUCT_PIC(PRODUCT_NO,PRODUCT_PIC)VALUES('P0021',NULL);
INSERT INTO PRODUCT_PIC(PRODUCT_NO,PRODUCT_PIC)VALUES('P0021',NULL);
INSERT INTO PRODUCT_PIC(PRODUCT_NO,PRODUCT_PIC)VALUES('P0021',NULL);
INSERT INTO PRODUCT_PIC(PRODUCT_NO,PRODUCT_PIC)VALUES('P0022',NULL);
INSERT INTO PRODUCT_PIC(PRODUCT_NO,PRODUCT_PIC)VALUES('P0022',NULL);
INSERT INTO PRODUCT_PIC(PRODUCT_NO,PRODUCT_PIC)VALUES('P0022',NULL);
INSERT INTO PRODUCT_PIC(PRODUCT_NO,PRODUCT_PIC)VALUES('P0022',NULL);
INSERT INTO PRODUCT_PIC(PRODUCT_NO,PRODUCT_PIC)VALUES('P0023',NULL);
INSERT INTO PRODUCT_PIC(PRODUCT_NO,PRODUCT_PIC)VALUES('P0023',NULL);
INSERT INTO PRODUCT_PIC(PRODUCT_NO,PRODUCT_PIC)VALUES('P0023',NULL);
INSERT INTO PRODUCT_PIC(PRODUCT_NO,PRODUCT_PIC)VALUES('P0023',NULL);
INSERT INTO PRODUCT_PIC(PRODUCT_NO,PRODUCT_PIC)VALUES('P0024',NULL);
INSERT INTO PRODUCT_PIC(PRODUCT_NO,PRODUCT_PIC)VALUES('P0024',NULL);
INSERT INTO PRODUCT_PIC(PRODUCT_NO,PRODUCT_PIC)VALUES('P0024',NULL);
INSERT INTO PRODUCT_PIC(PRODUCT_NO,PRODUCT_PIC)VALUES('P0024',NULL);
INSERT INTO PRODUCT_PIC(PRODUCT_NO,PRODUCT_PIC)VALUES('P0025',NULL);
INSERT INTO PRODUCT_PIC(PRODUCT_NO,PRODUCT_PIC)VALUES('P0025',NULL);
INSERT INTO PRODUCT_PIC(PRODUCT_NO,PRODUCT_PIC)VALUES('P0025',NULL);
INSERT INTO PRODUCT_PIC(PRODUCT_NO,PRODUCT_PIC)VALUES('P0025',NULL);
INSERT INTO PRODUCT_PIC(PRODUCT_NO,PRODUCT_PIC)VALUES('P0026',NULL);
INSERT INTO PRODUCT_PIC(PRODUCT_NO,PRODUCT_PIC)VALUES('P0026',NULL);
INSERT INTO PRODUCT_PIC(PRODUCT_NO,PRODUCT_PIC)VALUES('P0026',NULL);
INSERT INTO PRODUCT_PIC(PRODUCT_NO,PRODUCT_PIC)VALUES('P0026',NULL);
INSERT INTO PRODUCT_PIC(PRODUCT_NO,PRODUCT_PIC)VALUES('P0027',NULL);
INSERT INTO PRODUCT_PIC(PRODUCT_NO,PRODUCT_PIC)VALUES('P0027',NULL);
INSERT INTO PRODUCT_PIC(PRODUCT_NO,PRODUCT_PIC)VALUES('P0027',NULL);
INSERT INTO PRODUCT_PIC(PRODUCT_NO,PRODUCT_PIC)VALUES('P0027',NULL);
INSERT INTO PRODUCT_PIC(PRODUCT_NO,PRODUCT_PIC)VALUES('P0028',NULL);
INSERT INTO PRODUCT_PIC(PRODUCT_NO,PRODUCT_PIC)VALUES('P0028',NULL);
INSERT INTO PRODUCT_PIC(PRODUCT_NO,PRODUCT_PIC)VALUES('P0028',NULL);
INSERT INTO PRODUCT_PIC(PRODUCT_NO,PRODUCT_PIC)VALUES('P0028',NULL);
INSERT INTO PRODUCT_PIC(PRODUCT_NO,PRODUCT_PIC)VALUES('P0029',NULL);
INSERT INTO PRODUCT_PIC(PRODUCT_NO,PRODUCT_PIC)VALUES('P0029',NULL);
INSERT INTO PRODUCT_PIC(PRODUCT_NO,PRODUCT_PIC)VALUES('P0029',NULL);
INSERT INTO PRODUCT_PIC(PRODUCT_NO,PRODUCT_PIC)VALUES('P0029',NULL);
INSERT INTO PRODUCT_PIC(PRODUCT_NO,PRODUCT_PIC)VALUES('P0030',NULL);
INSERT INTO PRODUCT_PIC(PRODUCT_NO,PRODUCT_PIC)VALUES('P0030',NULL);
INSERT INTO PRODUCT_PIC(PRODUCT_NO,PRODUCT_PIC)VALUES('P0030',NULL);
INSERT INTO PRODUCT_PIC(PRODUCT_NO,PRODUCT_PIC)VALUES('P0030',NULL);
INSERT INTO PRODUCT_PIC(PRODUCT_NO,PRODUCT_PIC)VALUES('P0031',NULL);
INSERT INTO PRODUCT_PIC(PRODUCT_NO,PRODUCT_PIC)VALUES('P0031',NULL);
INSERT INTO PRODUCT_PIC(PRODUCT_NO,PRODUCT_PIC)VALUES('P0031',NULL);
INSERT INTO PRODUCT_PIC(PRODUCT_NO,PRODUCT_PIC)VALUES('P0031',NULL);
INSERT INTO PRODUCT_PIC(PRODUCT_NO,PRODUCT_PIC)VALUES('P0032',NULL);
INSERT INTO PRODUCT_PIC(PRODUCT_NO,PRODUCT_PIC)VALUES('P0032',NULL);
INSERT INTO PRODUCT_PIC(PRODUCT_NO,PRODUCT_PIC)VALUES('P0032',NULL);
INSERT INTO PRODUCT_PIC(PRODUCT_NO,PRODUCT_PIC)VALUES('P0032',NULL);
INSERT INTO PRODUCT_PIC(PRODUCT_NO,PRODUCT_PIC)VALUES('P0033',NULL);
INSERT INTO PRODUCT_PIC(PRODUCT_NO,PRODUCT_PIC)VALUES('P0033',NULL);
INSERT INTO PRODUCT_PIC(PRODUCT_NO,PRODUCT_PIC)VALUES('P0033',NULL);
INSERT INTO PRODUCT_PIC(PRODUCT_NO,PRODUCT_PIC)VALUES('P0033',NULL);
INSERT INTO PRODUCT_PIC(PRODUCT_NO,PRODUCT_PIC)VALUES('P0034',NULL);
INSERT INTO PRODUCT_PIC(PRODUCT_NO,PRODUCT_PIC)VALUES('P0034',NULL);
INSERT INTO PRODUCT_PIC(PRODUCT_NO,PRODUCT_PIC)VALUES('P0034',NULL);
INSERT INTO PRODUCT_PIC(PRODUCT_NO,PRODUCT_PIC)VALUES('P0034',NULL);
INSERT INTO PRODUCT_PIC(PRODUCT_NO,PRODUCT_PIC)VALUES('P0035',NULL);
INSERT INTO PRODUCT_PIC(PRODUCT_NO,PRODUCT_PIC)VALUES('P0035',NULL);
INSERT INTO PRODUCT_PIC(PRODUCT_NO,PRODUCT_PIC)VALUES('P0035',NULL);
INSERT INTO PRODUCT_PIC(PRODUCT_NO,PRODUCT_PIC)VALUES('P0035',NULL);
INSERT INTO PRODUCT_PIC(PRODUCT_NO,PRODUCT_PIC)VALUES('P0036',NULL);
INSERT INTO PRODUCT_PIC(PRODUCT_NO,PRODUCT_PIC)VALUES('P0036',NULL);
INSERT INTO PRODUCT_PIC(PRODUCT_NO,PRODUCT_PIC)VALUES('P0036',NULL);
INSERT INTO PRODUCT_PIC(PRODUCT_NO,PRODUCT_PIC)VALUES('P0036',NULL);
INSERT INTO PRODUCT_PIC(PRODUCT_NO,PRODUCT_PIC)VALUES('P0037',NULL);
INSERT INTO PRODUCT_PIC(PRODUCT_NO,PRODUCT_PIC)VALUES('P0037',NULL);
INSERT INTO PRODUCT_PIC(PRODUCT_NO,PRODUCT_PIC)VALUES('P0037',NULL);
INSERT INTO PRODUCT_PIC(PRODUCT_NO,PRODUCT_PIC)VALUES('P0037',NULL);
INSERT INTO PRODUCT_PIC(PRODUCT_NO,PRODUCT_PIC)VALUES('P0038',NULL);
INSERT INTO PRODUCT_PIC(PRODUCT_NO,PRODUCT_PIC)VALUES('P0038',NULL);
INSERT INTO PRODUCT_PIC(PRODUCT_NO,PRODUCT_PIC)VALUES('P0038',NULL);
INSERT INTO PRODUCT_PIC(PRODUCT_NO,PRODUCT_PIC)VALUES('P0038',NULL);
INSERT INTO PRODUCT_PIC(PRODUCT_NO,PRODUCT_PIC)VALUES('P0039',NULL);
INSERT INTO PRODUCT_PIC(PRODUCT_NO,PRODUCT_PIC)VALUES('P0039',NULL);
INSERT INTO PRODUCT_PIC(PRODUCT_NO,PRODUCT_PIC)VALUES('P0039',NULL);
INSERT INTO PRODUCT_PIC(PRODUCT_NO,PRODUCT_PIC)VALUES('P0039',NULL);
INSERT INTO PRODUCT_PIC(PRODUCT_NO,PRODUCT_PIC)VALUES('P0040',NULL);
INSERT INTO PRODUCT_PIC(PRODUCT_NO,PRODUCT_PIC)VALUES('P0040',NULL);
INSERT INTO PRODUCT_PIC(PRODUCT_NO,PRODUCT_PIC)VALUES('P0040',NULL);
INSERT INTO PRODUCT_PIC(PRODUCT_NO,PRODUCT_PIC)VALUES('P0040',NULL);
INSERT INTO PRODUCT_PIC(PRODUCT_NO,PRODUCT_PIC)VALUES('P0041',NULL);
INSERT INTO PRODUCT_PIC(PRODUCT_NO,PRODUCT_PIC)VALUES('P0041',NULL);
INSERT INTO PRODUCT_PIC(PRODUCT_NO,PRODUCT_PIC)VALUES('P0041',NULL);
INSERT INTO PRODUCT_PIC(PRODUCT_NO,PRODUCT_PIC)VALUES('P0041',NULL);
INSERT INTO PRODUCT_PIC(PRODUCT_NO,PRODUCT_PIC)VALUES('P0042',NULL);
INSERT INTO PRODUCT_PIC(PRODUCT_NO,PRODUCT_PIC)VALUES('P0042',NULL);
INSERT INTO PRODUCT_PIC(PRODUCT_NO,PRODUCT_PIC)VALUES('P0042',NULL);
INSERT INTO PRODUCT_PIC(PRODUCT_NO,PRODUCT_PIC)VALUES('P0042',NULL);
INSERT INTO PRODUCT_PIC(PRODUCT_NO,PRODUCT_PIC)VALUES('P0043',NULL);
INSERT INTO PRODUCT_PIC(PRODUCT_NO,PRODUCT_PIC)VALUES('P0043',NULL);
INSERT INTO PRODUCT_PIC(PRODUCT_NO,PRODUCT_PIC)VALUES('P0043',NULL);
INSERT INTO PRODUCT_PIC(PRODUCT_NO,PRODUCT_PIC)VALUES('P0043',NULL);
INSERT INTO PRODUCT_PIC(PRODUCT_NO,PRODUCT_PIC)VALUES('P0044',NULL);
INSERT INTO PRODUCT_PIC(PRODUCT_NO,PRODUCT_PIC)VALUES('P0044',NULL);
INSERT INTO PRODUCT_PIC(PRODUCT_NO,PRODUCT_PIC)VALUES('P0044',NULL);
INSERT INTO PRODUCT_PIC(PRODUCT_NO,PRODUCT_PIC)VALUES('P0044',NULL);
INSERT INTO PRODUCT_PIC(PRODUCT_NO,PRODUCT_PIC)VALUES('P0045',NULL);
INSERT INTO PRODUCT_PIC(PRODUCT_NO,PRODUCT_PIC)VALUES('P0045',NULL);
INSERT INTO PRODUCT_PIC(PRODUCT_NO,PRODUCT_PIC)VALUES('P0045',NULL);
INSERT INTO PRODUCT_PIC(PRODUCT_NO,PRODUCT_PIC)VALUES('P0045',NULL);
INSERT INTO PRODUCT_PIC(PRODUCT_NO,PRODUCT_PIC)VALUES('P0046',NULL);
INSERT INTO PRODUCT_PIC(PRODUCT_NO,PRODUCT_PIC)VALUES('P0046',NULL);
INSERT INTO PRODUCT_PIC(PRODUCT_NO,PRODUCT_PIC)VALUES('P0046',NULL);
INSERT INTO PRODUCT_PIC(PRODUCT_NO,PRODUCT_PIC)VALUES('P0046',NULL);
INSERT INTO PRODUCT_PIC(PRODUCT_NO,PRODUCT_PIC)VALUES('P0047',NULL);
INSERT INTO PRODUCT_PIC(PRODUCT_NO,PRODUCT_PIC)VALUES('P0048',NULL);
INSERT INTO PRODUCT_PIC(PRODUCT_NO,PRODUCT_PIC)VALUES('P0049',NULL);
INSERT INTO PRODUCT_PIC(PRODUCT_NO,PRODUCT_PIC)VALUES('P0050',NULL);
INSERT INTO PRODUCT_PIC(PRODUCT_NO,PRODUCT_PIC)VALUES('P0051',NULL);
INSERT INTO PRODUCT_PIC(PRODUCT_NO,PRODUCT_PIC)VALUES('P0052',NULL);
INSERT INTO PRODUCT_PIC(PRODUCT_NO,PRODUCT_PIC)VALUES('P0053',NULL);
INSERT INTO PRODUCT_PIC(PRODUCT_NO,PRODUCT_PIC)VALUES('P0054',NULL);
INSERT INTO PRODUCT_PIC(PRODUCT_NO,PRODUCT_PIC)VALUES('P0055',NULL);
INSERT INTO PRODUCT_PIC(PRODUCT_NO,PRODUCT_PIC)VALUES('P0056',NULL);
INSERT INTO PRODUCT_PIC(PRODUCT_NO,PRODUCT_PIC)VALUES('P0057',NULL);
INSERT INTO PRODUCT_PIC(PRODUCT_NO,PRODUCT_PIC)VALUES('P0058',NULL);


commit;

----------追蹤產品----------
--drop table Product_TRACK;


create table Product_TRACK(
Product_No varchar2(10) not null REFERENCES PRODUCT (Product_No),
Member_No varchar2(10) not null REFERENCES MEMBER_INFO (Member_No),
CONSTRAINT Product_Member_No_PRIMARY_KEY PRIMARY KEY(Product_No,Member_No)
);

INSERT INTO PRODUCT_TRACK(PRODUCT_NO,MEMBER_NO)VALUES('P0001','M0001');
INSERT INTO PRODUCT_TRACK(PRODUCT_NO,MEMBER_NO)VALUES('P0002','M0002');
INSERT INTO PRODUCT_TRACK(PRODUCT_NO,MEMBER_NO)VALUES('P0014','M0003');
INSERT INTO PRODUCT_TRACK(PRODUCT_NO,MEMBER_NO)VALUES('P0004','M0004');
INSERT INTO PRODUCT_TRACK(PRODUCT_NO,MEMBER_NO)VALUES('P0025','M0005');
INSERT INTO PRODUCT_TRACK(PRODUCT_NO,MEMBER_NO)VALUES('P0006','M0006');
INSERT INTO PRODUCT_TRACK(PRODUCT_NO,MEMBER_NO)VALUES('P0017','M0007');
INSERT INTO PRODUCT_TRACK(PRODUCT_NO,MEMBER_NO)VALUES('P0008','M0008');
INSERT INTO PRODUCT_TRACK(PRODUCT_NO,MEMBER_NO)VALUES('P0009','M0009');
INSERT INTO PRODUCT_TRACK(PRODUCT_NO,MEMBER_NO)VALUES('P0013','M0010');
INSERT INTO PRODUCT_TRACK(PRODUCT_NO,MEMBER_NO)VALUES('P0004','M0001');
INSERT INTO PRODUCT_TRACK(PRODUCT_NO,MEMBER_NO)VALUES('P0008','M0002');
INSERT INTO PRODUCT_TRACK(PRODUCT_NO,MEMBER_NO)VALUES('P0023','M0003');
INSERT INTO PRODUCT_TRACK(PRODUCT_NO,MEMBER_NO)VALUES('P0001','M0004');
INSERT INTO PRODUCT_TRACK(PRODUCT_NO,MEMBER_NO)VALUES('P0015','M0005');
INSERT INTO PRODUCT_TRACK(PRODUCT_NO,MEMBER_NO)VALUES('P0026','M0006');
INSERT INTO PRODUCT_TRACK(PRODUCT_NO,MEMBER_NO)VALUES('P0037','M0007');
INSERT INTO PRODUCT_TRACK(PRODUCT_NO,MEMBER_NO)VALUES('P0028','M0008');
INSERT INTO PRODUCT_TRACK(PRODUCT_NO,MEMBER_NO)VALUES('P0019','M0009');
INSERT INTO PRODUCT_TRACK(PRODUCT_NO,MEMBER_NO)VALUES('P0010','M0010');
INSERT INTO PRODUCT_TRACK(PRODUCT_NO,MEMBER_NO)VALUES('P0031','M0001');
INSERT INTO PRODUCT_TRACK(PRODUCT_NO,MEMBER_NO)VALUES('P0005','M0002');
INSERT INTO PRODUCT_TRACK(PRODUCT_NO,MEMBER_NO)VALUES('P0009','M0003');
INSERT INTO PRODUCT_TRACK(PRODUCT_NO,MEMBER_NO)VALUES('P0034','M0004');
INSERT INTO PRODUCT_TRACK(PRODUCT_NO,MEMBER_NO)VALUES('P0035','M0005');
INSERT INTO PRODUCT_TRACK(PRODUCT_NO,MEMBER_NO)VALUES('P0007','M0006');
INSERT INTO PRODUCT_TRACK(PRODUCT_NO,MEMBER_NO)VALUES('P0027','M0007');
INSERT INTO PRODUCT_TRACK(PRODUCT_NO,MEMBER_NO)VALUES('P0029','M0008');
INSERT INTO PRODUCT_TRACK(PRODUCT_NO,MEMBER_NO)VALUES('P0011','M0009');
INSERT INTO PRODUCT_TRACK(PRODUCT_NO,MEMBER_NO)VALUES('P0014','M0010');
INSERT INTO PRODUCT_TRACK(PRODUCT_NO,MEMBER_NO)VALUES('P0011','M0001');
INSERT INTO PRODUCT_TRACK(PRODUCT_NO,MEMBER_NO)VALUES('P0012','M0002');
INSERT INTO PRODUCT_TRACK(PRODUCT_NO,MEMBER_NO)VALUES('P0003','M0003');
INSERT INTO PRODUCT_TRACK(PRODUCT_NO,MEMBER_NO)VALUES('P0005','M0004');
INSERT INTO PRODUCT_TRACK(PRODUCT_NO,MEMBER_NO)VALUES('P0005','M0005');
INSERT INTO PRODUCT_TRACK(PRODUCT_NO,MEMBER_NO)VALUES('P0016','M0006');
INSERT INTO PRODUCT_TRACK(PRODUCT_NO,MEMBER_NO)VALUES('P0007','M0007');
INSERT INTO PRODUCT_TRACK(PRODUCT_NO,MEMBER_NO)VALUES('P0010','M0008');
INSERT INTO PRODUCT_TRACK(PRODUCT_NO,MEMBER_NO)VALUES('P0012','M0009');
INSERT INTO PRODUCT_TRACK(PRODUCT_NO,MEMBER_NO)VALUES('P0015','M0010');
INSERT INTO PRODUCT_TRACK(PRODUCT_NO,MEMBER_NO)VALUES('P0021','M0001');
INSERT INTO PRODUCT_TRACK(PRODUCT_NO,MEMBER_NO)VALUES('P0003','M0002');
INSERT INTO PRODUCT_TRACK(PRODUCT_NO,MEMBER_NO)VALUES('P0013','M0003');
INSERT INTO PRODUCT_TRACK(PRODUCT_NO,MEMBER_NO)VALUES('P0009','M0004');
INSERT INTO PRODUCT_TRACK(PRODUCT_NO,MEMBER_NO)VALUES('P0045','M0005');
INSERT INTO PRODUCT_TRACK(PRODUCT_NO,MEMBER_NO)VALUES('P0020','M0006');
INSERT INTO PRODUCT_TRACK(PRODUCT_NO,MEMBER_NO)VALUES('P0027','M0013');
INSERT INTO PRODUCT_TRACK(PRODUCT_NO,MEMBER_NO)VALUES('P0018','M0008');
INSERT INTO PRODUCT_TRACK(PRODUCT_NO,MEMBER_NO)VALUES('P0049','M0009');
INSERT INTO PRODUCT_TRACK(PRODUCT_NO,MEMBER_NO)VALUES('P0022','M0010');
INSERT INTO PRODUCT_TRACK(PRODUCT_NO,MEMBER_NO)VALUES('P0032','M0001');
INSERT INTO PRODUCT_TRACK(PRODUCT_NO,MEMBER_NO)VALUES('P0042','M0002');
INSERT INTO PRODUCT_TRACK(PRODUCT_NO,MEMBER_NO)VALUES('P0053','M0003');
INSERT INTO PRODUCT_TRACK(PRODUCT_NO,MEMBER_NO)VALUES('P0014','M0014');
INSERT INTO PRODUCT_TRACK(PRODUCT_NO,MEMBER_NO)VALUES('P0015','M0009');
INSERT INTO PRODUCT_TRACK(PRODUCT_NO,MEMBER_NO)VALUES('P0046','M0006');
INSERT INTO PRODUCT_TRACK(PRODUCT_NO,MEMBER_NO)VALUES('P0017','M0008');
INSERT INTO PRODUCT_TRACK(PRODUCT_NO,MEMBER_NO)VALUES('P0038','M0008');
INSERT INTO PRODUCT_TRACK(PRODUCT_NO,MEMBER_NO)VALUES('P0029','M0009');
INSERT INTO PRODUCT_TRACK(PRODUCT_NO,MEMBER_NO)VALUES('P0030','M0010');
INSERT INTO PRODUCT_TRACK(PRODUCT_NO,MEMBER_NO)VALUES('P0031','M0011');
INSERT INTO PRODUCT_TRACK(PRODUCT_NO,MEMBER_NO)VALUES('P0022','M0002');
INSERT INTO PRODUCT_TRACK(PRODUCT_NO,MEMBER_NO)VALUES('P0043','M0003');
INSERT INTO PRODUCT_TRACK(PRODUCT_NO,MEMBER_NO)VALUES('P0024','M0004');
INSERT INTO PRODUCT_TRACK(PRODUCT_NO,MEMBER_NO)VALUES('P0015','M0002');
INSERT INTO PRODUCT_TRACK(PRODUCT_NO,MEMBER_NO)VALUES('P0036','M0006');
INSERT INTO PRODUCT_TRACK(PRODUCT_NO,MEMBER_NO)VALUES('P0017','M0003');
INSERT INTO PRODUCT_TRACK(PRODUCT_NO,MEMBER_NO)VALUES('P0048','M0008');
INSERT INTO PRODUCT_TRACK(PRODUCT_NO,MEMBER_NO)VALUES('P0039','M0009');
INSERT INTO PRODUCT_TRACK(PRODUCT_NO,MEMBER_NO)VALUES('P0040','M0010');


commit;

----------訂單----------
alter session set deferred_segment_creation=false;
--DROP TABLE ORDER_MASTER;
--DROP SEQUENCE order_master_seq;
--DROP TRIGGER ORM_trigger;

CREATE TABLE ORDER_MASTER (
 Order_No VARCHAR2(15) NOT NULL,
 Member_No VARCHAR2(10) NOT NULL REFERENCES MEMBER_INFO(Member_No),
 Total NUMBER(5),
 Order_Status NUMBER(2) DEFAULT 0,
 Order_Date DATE DEFAULT sysdate,
  
 CONSTRAINT ORDER_MASTER_PRIMARY_KEY PRIMARY KEY (Order_No));
 
 COMMENT ON COLUMN ORDER_MASTER.Order_Status IS '0:出貨 ,1:待收貨 ,2:送達 ,3:取消';
 


INSERT INTO ORDER_MASTER (ORDER_NO,Member_No, Total,Order_Status,Order_Date) VALUES ('20200209-0001','M0001',900,2,to_date('20200209','yyyymmdd'));
INSERT INTO ORDER_MASTER (ORDER_NO,Member_No, Total,Order_Status,Order_Date) VALUES ('20200209-0002','M0002',570,2,to_date('20200209','yyyymmdd'));
INSERT INTO ORDER_MASTER (ORDER_NO,Member_No, Total,Order_Status,Order_Date) VALUES ('20200209-0003','M0003',45,2,to_date('20200209','yyyymmdd') );
INSERT INTO ORDER_MASTER (ORDER_NO,Member_No, Total,Order_Status,Order_Date) VALUES ('20200209-0004','M0004',140,2,to_date('20200209','yyyymmdd'));
INSERT INTO ORDER_MASTER (ORDER_NO,Member_No, Total,Order_Status,Order_Date) VALUES ('20200210-0005','M0005',200,2,to_date('20200210','yyyymmdd'));
INSERT INTO ORDER_MASTER (ORDER_NO,Member_No, Total,Order_Status,Order_Date) VALUES ('20200210-0006','M0006',125,2,to_date('20200210','yyyymmdd'));
INSERT INTO ORDER_MASTER (ORDER_NO,Member_No, Total,Order_Status,Order_Date) VALUES ('20200210-0007','M0007',25,2,to_date('20200210','yyyymmdd') );
INSERT INTO ORDER_MASTER (ORDER_NO,Member_No, Total,Order_Status,Order_Date) VALUES ('20200210-0008','M0008',320,2,to_date('20200210','yyyymmdd'));
INSERT INTO ORDER_MASTER (ORDER_NO,Member_No, Total,Order_Status,Order_Date) VALUES ('20200219-0009','M0009',450,2,to_date('20200219','yyyymmdd'));
INSERT INTO ORDER_MASTER (ORDER_NO,Member_No, Total,Order_Status,Order_Date) VALUES ('20200220-0010','M0010',100,2,to_date('20200220','yyyymmdd'));
INSERT INTO ORDER_MASTER (ORDER_NO,Member_No, Total,Order_Status,Order_Date) VALUES ('20200221-0011','M0011',200,2,to_date('20200221','yyyymmdd'));
INSERT INTO ORDER_MASTER (ORDER_NO,Member_No, Total,Order_Status,Order_Date) VALUES ('20200221-0012','M0012',125,2,to_date('20200221','yyyymmdd'));
INSERT INTO ORDER_MASTER (ORDER_NO,Member_No, Total,Order_Status,Order_Date) VALUES ('20200221-0013','M0013',250,2,to_date('20200221','yyyymmdd'));
INSERT INTO ORDER_MASTER (ORDER_NO,Member_No, Total,Order_Status,Order_Date) VALUES ('20200228-0014','M0014',320,2,to_date('20200228','yyyymmdd'));
INSERT INTO ORDER_MASTER (ORDER_NO,Member_No, Total,Order_Status,Order_Date) VALUES ('20200228-0015','M0015',425,2,to_date('20200228','yyyymmdd'));


CREATE SEQUENCE order_master_seq
INCREMENT BY 1
START WITH 1
NOMAXVALUE
NOCYCLE
NOCACHE;

/
CREATE OR REPLACE TRIGGER ORM_trigger  
BEFORE INSERT ON ORDER_MASTER
FOR EACH ROW

BEGIN
  SELECT to_char(sysdate,'yyyymmdd') ||'-'||LPAD(to_char(order_master_seq.NEXTVAL), 4, '0')
  INTO   :new.Order_No
  FROM   dual;
END;
/

commit;


----------訂單明細----------
alter session set deferred_segment_creation=false;

--DROP TABLE ORDER_LIST;

CREATE TABLE ORDER_LIST (
 Order_No VARCHAR2(15) NOT NULL REFERENCES ORDER_MASTER(Order_No),
 Product_No VARCHAR2(10) NOT NULL REFERENCES PRODUCT(Product_No),
 Quantity NUMBER(5),
 Price NUMBER(5),
 Sub_Total NUMBER(5),
 CONSTRAINT ORDER_LIST_PRIMARY_KEY PRIMARY KEY (Order_No, Product_No)
 );

INSERT INTO ORDER_LIST (Order_No, Product_No, Quantity, Price)VALUES ('20200209-0001', 'P0001',1,200) ;
INSERT INTO ORDER_LIST (Order_No, Product_No, Quantity, Price)VALUES ('20200209-0001', 'P0003',1,700) ;

INSERT INTO ORDER_LIST (Order_No, Product_No, Quantity, Price)VALUES ('20200209-0002', 'P0005',1,70) ;
INSERT INTO ORDER_LIST (Order_No, Product_No, Quantity, Price)VALUES ('20200209-0002', 'P0002',1,500) ;   
             
INSERT INTO ORDER_LIST (Order_No, Product_No, Quantity, Price)VALUES ('20200209-0003', 'P0004',1,45) ;
INSERT INTO ORDER_LIST (Order_No, Product_No, Quantity, Price)VALUES ('20200209-0004', 'P0006',1,140) ;
INSERT INTO ORDER_LIST (Order_No, Product_No, Quantity, Price)VALUES ('20200210-0005', 'P0007',1,200) ;
INSERT INTO ORDER_LIST (Order_No, Product_No, Quantity, Price)VALUES ('20200210-0006', 'P0008',1,125) ;
INSERT INTO ORDER_LIST (Order_No, Product_No, Quantity, Price)VALUES ('20200210-0007', 'P0009',1,25) ;
INSERT INTO ORDER_LIST (Order_No, Product_No, Quantity, Price)VALUES ('20200210-0008', 'P0003',1,320) ;                
INSERT INTO ORDER_LIST (Order_No, Product_No, Quantity, Price)VALUES ('20200219-0009', 'P0004',1,450) ;
INSERT INTO ORDER_LIST (Order_No, Product_No, Quantity, Price)VALUES ('20200220-0010', 'P0006',1,100) ;
INSERT INTO ORDER_LIST (Order_No, Product_No, Quantity, Price)VALUES ('20200221-0011', 'P0010',1,200) ;
INSERT INTO ORDER_LIST (Order_No, Product_No, Quantity, Price)VALUES ('20200221-0012', 'P0011',1,125) ;
INSERT INTO ORDER_LIST (Order_No, Product_No, Quantity, Price)VALUES ('20200221-0013', 'P0005',1,250) ;
INSERT INTO ORDER_LIST (Order_No, Product_No, Quantity, Price)VALUES ('20200228-0014', 'P0014',1,320) ;
                
INSERT INTO ORDER_LIST (Order_No, Product_No, Quantity, Price)VALUES ('20200228-0015', 'P0004',1,245) ;
INSERT INTO ORDER_LIST (Order_No, Product_No, Quantity, Price)VALUES ('20200228-0015', 'P0006',1,180) ;

--如果有兩欄位相乘變成第三欄位 一開始不用輸入 等假資料做好再補上這一句 update--                
UPDATE ORDER_LIST SET Sub_Total=Quantity*Price;

commit;

----------商城評論----------
--drop table PRODUCT_COMMENT;
--drop SEQUENCE PRODUCT_COMMENT_seq;
--drop TRIGGER PRODUCT_COMMENT_trigger;

create table PRODUCT_COMMENT(
Product_Comment_No varchar2(10) not null primary key,
Order_No varchar2(15)not null REFERENCES ORDER_MASTER (Order_No),
Member_No varchar2(10)not null REFERENCES MEMBER_INFO (Member_No),
Product_No varchar2(10)not null REFERENCES PRODUCT (Product_No),
P_Comment varchar2(450),
Star number(2),
Comment_Date TIMESTAMP DEFAULT CURRENT_TIMESTAMP
);

CREATE SEQUENCE PRODUCT_COMMENT_seq
INCREMENT BY 1
START WITH 1
NOMAXVALUE
NOCYCLE
NOCACHE;

/
create or replace TRIGGER PRODUCT_COMMENT_trigger 
BEFORE INSERT ON PRODUCT_COMMENT
FOR EACH ROW
BEGIN
SELECT
TRIM(TO_CHAR(PRODUCT_COMMENT_seq.nextval, '0000')) INTO :new.Product_Comment_No 
FROM dual;
END;
/

INSERT INTO PRODUCT_COMMENT(ORDER_NO,MEMBER_NO,PRODUCT_NO,P_COMMENT,STAR)VALUES('20200209-0001','M0001','P0001','超讚的CP值、超讚的出貨速度、超讚的商品品質、超讚的服務，值得推薦的好賣家。',3);
INSERT INTO PRODUCT_COMMENT(ORDER_NO,MEMBER_NO,PRODUCT_NO,P_COMMENT,STAR)VALUES('20200209-0001','M0001','P0003','超快寄件出貨速度，貨源充足沒有缺貨的問題，實物收到真的很紮實，有別於之前買的狗尿布，給好評，用完會再回購謝謝',3);
INSERT INTO PRODUCT_COMMENT(ORDER_NO,MEMBER_NO,PRODUCT_NO,P_COMMENT,STAR)VALUES('20200209-0002','M0002','P0005','不得不說，老闆出貨的速度，也是有夠快，服務也超級好，物流單還特別備註，真的很貼心，以後就在你家買囉！哇....還有小贈品，謝謝老闆。',3);
INSERT INTO PRODUCT_COMMENT(ORDER_NO,MEMBER_NO,PRODUCT_NO,P_COMMENT,STAR)VALUES('20200209-0002','M0002','P0002','Cp值高  出貨快速 商品棒 下次會再回購  必買商家  非常推商品棒 下次會再回購  必買商家  非常推薦！',3);
INSERT INTO PRODUCT_COMMENT(ORDER_NO,MEMBER_NO,PRODUCT_NO,P_COMMENT,STAR)VALUES('20200209-0003','M0003','P0004','包裝細心，物品完整，質感佳，CP值高，物品與照片相符，客服回覆快速也親切，是我會推薦給親友，我也會再回購的好賣家。',3);
INSERT INTO PRODUCT_COMMENT(ORDER_NO,MEMBER_NO,PRODUCT_NO,P_COMMENT,STAR)VALUES('20200209-0004','M0004','P0006','包裝不錯出貨速度快包裝完整，貓貓最愛吃他們家的罐頭了，讚讚讚！',3);
INSERT INTO PRODUCT_COMMENT(ORDER_NO,MEMBER_NO,PRODUCT_NO,P_COMMENT,STAR)VALUES('20200210-0005','M0005','P0007','包裝不錯出貨速度快包裝完整，狗狗最愛吃他們家的罐頭了，讚讚讚！',3);
INSERT INTO PRODUCT_COMMENT(ORDER_NO,MEMBER_NO,PRODUCT_NO,P_COMMENT,STAR)VALUES('20200210-0006','M0006','P0008','包裝不錯出貨速度快包裝完整，貓貓最愛吃他們家的罐頭了，讚讚讚！',3);
INSERT INTO PRODUCT_COMMENT(ORDER_NO,MEMBER_NO,PRODUCT_NO,P_COMMENT,STAR)VALUES('20200210-0007','M0007','P0009','收到的商品沒有問題，感謝再時間內即時到貨，不影響使用，有機會會再回購！謝謝 商品很喜歡毛小孩一定很喜歡你們家的商品。謝謝你們。下次有機會會在來購買。',3);
INSERT INTO PRODUCT_COMMENT(ORDER_NO,MEMBER_NO,PRODUCT_NO,P_COMMENT,STAR)VALUES('20200210-0008','M0008','P0003','已經連續訂兩個月，出貨速度與服務都相當好!',3);
INSERT INTO PRODUCT_COMMENT(ORDER_NO,MEMBER_NO,PRODUCT_NO,P_COMMENT,STAR)VALUES('20200219-0009','M0009','P0004','超讚的CP值、超讚的出貨速度、超讚的商品品質、超讚的服務，值得推薦的好賣家。',3);
INSERT INTO PRODUCT_COMMENT(ORDER_NO,MEMBER_NO,PRODUCT_NO,P_COMMENT,STAR)VALUES('20200220-0010','M0010','P0006','保鮮期只有六個月有點短，收到了才知道',2);
INSERT INTO PRODUCT_COMMENT(ORDER_NO,MEMBER_NO,PRODUCT_NO,P_COMMENT,STAR)VALUES('20200221-0011','M0011','P0010','Cp值高、出貨快速、商品棒，下次會再回購。',3);
INSERT INTO PRODUCT_COMMENT(ORDER_NO,MEMBER_NO,PRODUCT_NO,P_COMMENT,STAR)VALUES('20200221-0012','M0012','P0011','Cp值高，必買商家、非常推商品棒。非常推薦！',3);
INSERT INTO PRODUCT_COMMENT(ORDER_NO,MEMBER_NO,PRODUCT_NO,P_COMMENT,STAR)VALUES('20200221-0013','M0013','P0005','超讚的肉罐，我家的毛小孩開始暴動了',3);
INSERT INTO PRODUCT_COMMENT(ORDER_NO,MEMBER_NO,PRODUCT_NO,P_COMMENT,STAR)VALUES('20200228-0014','M0014','P0014','已經連續訂兩個月，洗起來真的很香，我們全家都很愛用!',3);
INSERT INTO PRODUCT_COMMENT(ORDER_NO,MEMBER_NO,PRODUCT_NO,P_COMMENT,STAR)VALUES('20200228-0015','M0015','P0004','包裝細心，物品完整，質感佳，CP值高',3);
INSERT INTO PRODUCT_COMMENT(ORDER_NO,MEMBER_NO,PRODUCT_NO,P_COMMENT,STAR)VALUES('20200228-0015','M0015','P0006','超讚的肉罐，我家的毛小孩開始暴動了',3);

commit;

----------直播----------
alter session set deferred_segment_creation=false;
ALTER SESSION SET NLS_DATE_FORMAT = 'YYYY-MM-DD HH24:MI:SS';   --制定格式 date--

--DROP TABLE LIVE;
--DROP SEQUENCE live_seq;
--DROP TRIGGER A_trigger;

CREATE TABLE LIVE (
 Activity_No          VARCHAR2(10) NOT NULL,
 Activity             VARCHAR2(30) NOT NULL,
 Start_Date           TIMESTAMP,
 End_Date             TIMESTAMP,
 
 CONSTRAINT LIVE_PRIMARY_KEY PRIMARY KEY (Activity_No));
 
CREATE SEQUENCE live_seq
INCREMENT BY 1
START WITH 1
NOMAXVALUE
NOCYCLE
NOCACHE;

/
CREATE OR REPLACE TRIGGER A_trigger  
BEFORE INSERT ON LIVE
FOR EACH ROW

BEGIN
  SELECT 'A' || TRIM(to_char(live_seq.NEXTVAL, '0000'))
  INTO   :new.Activity_No
  FROM   dual;
END;
/

INSERT INTO LIVE (Activity,START_DATE,END_DATE) VALUES ('歡慶開幕',to_timestamp('2019-01-03 12:30:00','YYYY-MM-DD HH24:MI:SS'),to_timestamp('2019-01-03 12:45:00','YYYY-MM-DD HH24:MI:SS'));
INSERT INTO LIVE (Activity,START_DATE,END_DATE) VALUES ('跳樓大拍賣',to_timestamp('2019-02-04 11:30:00','YYYY-MM-DD HH24:MI:SS'),to_timestamp('2019-02-04 11:50:00','YYYY-MM-DD HH24:MI:SS'));
INSERT INTO LIVE (Activity,START_DATE,END_DATE) VALUES ('中午搶一波',to_timestamp('2019-03-15 12:30:00','YYYY-MM-DD HH24:MI:SS'),to_timestamp('2019-03-15 12:30:00','YYYY-MM-DD HH24:MI:SS'));
INSERT INTO LIVE (Activity,START_DATE,END_DATE) VALUES ('跳樓大拍賣-part2',to_timestamp('2019-04-16 11:00:00','YYYY-MM-DD HH24:MI:SS'),to_timestamp('2019-04-16 11:30:00','YYYY-MM-DD HH24:MI:SS'));
INSERT INTO LIVE (Activity,START_DATE,END_DATE) VALUES ('年中大甩賣',to_timestamp('2019-06-05 15:30:00','YYYY-MM-DD HH24:MI:SS'),to_timestamp('2019-06-05 15:30:00','YYYY-MM-DD HH24:MI:SS'));
INSERT INTO LIVE (Activity,START_DATE,END_DATE) VALUES ('老闆不在家',to_timestamp('2019-08-06 12:00:00','YYYY-MM-DD HH24:MI:SS'),to_timestamp('2019-08-06 13:00:00','YYYY-MM-DD HH24:MI:SS'));
INSERT INTO LIVE (Activity,START_DATE,END_DATE) VALUES ('跳樓大拍賣-part3',to_timestamp('2019-10-17 13:30:00','YYYY-MM-DD HH24:MI:SS'),to_timestamp('2019-10-17 13:50:00','YYYY-MM-DD HH24:MI:SS'));
INSERT INTO LIVE (Activity,START_DATE,END_DATE) VALUES ('限時清倉隨便賣',to_timestamp('2019-11-07 18:30:00','YYYY-MM-DD HH24:MI:SS'),to_timestamp('2019-11-07 18:45:00','YYYY-MM-DD HH24:MI:SS'));
INSERT INTO LIVE (Activity,START_DATE,END_DATE) VALUES ('周年慶買到賺到',to_timestamp('2019-12-08 12:30:00','YYYY-MM-DD HH24:MI:SS'),to_timestamp('2019-12-08 13:00:00','YYYY-MM-DD HH24:MI:SS'));
INSERT INTO LIVE (Activity,START_DATE,END_DATE) VALUES ('買禮品好去處',to_timestamp('2020-01-15 11:30:00','YYYY-MM-DD HH24:MI:SS'),to_timestamp('2020-01-15 14:30:00','YYYY-MM-DD HH24:MI:SS'));
INSERT INTO LIVE (Activity,START_DATE,END_DATE) VALUES ('跳樓大拍賣-part4',to_timestamp('2020-02-16 12:30:00','YYYY-MM-DD HH24:MI:SS'),to_timestamp('2020-02-16 13:00:00','YYYY-MM-DD HH24:MI:SS'));


commit;


----------直播產品----------
alter session set deferred_segment_creation=false;

--DROP TABLE LIVE_PRODUCT;
--DROP SEQUENCE live_product_seq;
--DROP TRIGGER LP_trigger;

CREATE TABLE LIVE_PRODUCT (
 Live_Product_No VARCHAR2(10) NOT NULL,
 Activity_No VARCHAR2(10) NOT NULL REFERENCES LIVE(Activity_No),
 Product_No VARCHAR2(10) NOT NULL,
 Live_Quantity NUMBER(5),
 Live_Quantity_Sold NUMBER(5),
 Live_Price NUMBER(5),
 
 CONSTRAINT LIVE_PRODUCT_PRIMARY_KEY PRIMARY KEY (Live_Product_No));
 
CREATE SEQUENCE live_product_seq
INCREMENT BY 1
START WITH 1
NOMAXVALUE
NOCYCLE
NOCACHE;

/
CREATE OR REPLACE TRIGGER LP_trigger  
BEFORE INSERT ON LIVE_PRODUCT
FOR EACH ROW

BEGIN
  SELECT 'LP' || TRIM(to_char(live_product_seq.NEXTVAL, '0000'))
  INTO   :new.Live_Product_No
  FROM   dual;
END;
/

INSERT INTO LIVE_PRODUCT (Activity_No, Product_No, Live_Quantity, Live_Quantity_Sold, Live_Price) VALUES ('A0001','P0002', 100, 100,199) ;
INSERT INTO LIVE_PRODUCT (Activity_No, Product_No, Live_Quantity, Live_Quantity_Sold, Live_Price) VALUES ('A0001','P0005', 200, 99,89) ;
INSERT INTO LIVE_PRODUCT (Activity_No, Product_No, Live_Quantity, Live_Quantity_Sold, Live_Price) VALUES ('A0002','P0006', 10, 5,199) ;
INSERT INTO LIVE_PRODUCT (Activity_No, Product_No, Live_Quantity, Live_Quantity_Sold, Live_Price) VALUES ('A0002','P0004', 5, 1,99) ;
INSERT INTO LIVE_PRODUCT (Activity_No, Product_No, Live_Quantity, Live_Quantity_Sold, Live_Price) VALUES ('A0002','P0004', 1, 1,99) ;
INSERT INTO LIVE_PRODUCT (Activity_No, Product_No, Live_Quantity, Live_Quantity_Sold, Live_Price) VALUES ('A0003','P0001', 3, 1,1999) ;
INSERT INTO LIVE_PRODUCT (Activity_No, Product_No, Live_Quantity, Live_Quantity_Sold, Live_Price) VALUES ('A0003','P0003', 10, 9,200) ;
INSERT INTO LIVE_PRODUCT (Activity_No, Product_No, Live_Quantity, Live_Quantity_Sold, Live_Price) VALUES ('A0003','P0005', 50, 5,350) ;
INSERT INTO LIVE_PRODUCT (Activity_No, Product_No, Live_Quantity, Live_Quantity_Sold, Live_Price) VALUES ('A0004','P0008', 100, 85,69) ;
INSERT INTO LIVE_PRODUCT (Activity_No, Product_No, Live_Quantity, Live_Quantity_Sold, Live_Price) VALUES ('A0004','P0009', 100, 55,600) ;
INSERT INTO LIVE_PRODUCT (Activity_No, Product_No, Live_Quantity, Live_Quantity_Sold, Live_Price) VALUES ('A0004','P0013', 25, 25,199) ;
INSERT INTO LIVE_PRODUCT (Activity_No, Product_No, Live_Quantity, Live_Quantity_Sold, Live_Price) VALUES ('A0004','P0015', 100, 75,69) ;
INSERT INTO LIVE_PRODUCT (Activity_No, Product_No, Live_Quantity, Live_Quantity_Sold, Live_Price) VALUES ('A0005','P0018', 30, 25,699) ;
INSERT INTO LIVE_PRODUCT (Activity_No, Product_No, Live_Quantity, Live_Quantity_Sold, Live_Price) VALUES ('A0005','P0025', 20, 15,699) ;
INSERT INTO LIVE_PRODUCT (Activity_No, Product_No, Live_Quantity, Live_Quantity_Sold, Live_Price) VALUES ('A0005','P0026', 15, 5,450) ;
INSERT INTO LIVE_PRODUCT (Activity_No, Product_No, Live_Quantity, Live_Quantity_Sold, Live_Price) VALUES ('A0006','P0035', 40, 5,399) ;
INSERT INTO LIVE_PRODUCT (Activity_No, Product_No, Live_Quantity, Live_Quantity_Sold, Live_Price) VALUES ('A0006','P0042', 100, 65,75) ;
INSERT INTO LIVE_PRODUCT (Activity_No, Product_No, Live_Quantity, Live_Quantity_Sold, Live_Price) VALUES ('A0007','P0019', 10, 5,50) ;
INSERT INTO LIVE_PRODUCT (Activity_No, Product_No, Live_Quantity, Live_Quantity_Sold, Live_Price) VALUES ('A0007','P0030', 90, 45,99) ;
INSERT INTO LIVE_PRODUCT (Activity_No, Product_No, Live_Quantity, Live_Quantity_Sold, Live_Price) VALUES ('A0007','P0026', 100, 59,25) ;

commit;

----------認養專案----------
alter session set deferred_segment_creation=false;

--DROP TABLE ADOPT_PROJECT;
--DROP SEQUENCE adopt_project_seq;
--DROP TRIGGER AP_trigger;

CREATE TABLE ADOPT_PROJECT (
 Adopt_Project_No        VARCHAR2(10) NOT NULL,
 Founder_No              VARCHAR2(10) NOT NULL REFERENCES MEMBER_INFO(Member_No),
 Adopter_No              VARCHAR2(10) REFERENCES MEMBER_INFO(Member_No),  ----回填的是認養成功的會員編號----
 Adopt_Project_Name      VARCHAR2(100),
 Pet_Category            NUMBER(1),
 Adopt_Content           CLOB,
 Adopt_Status            NUMBER(1),
 Adopt_Result            CLOB,
 Sex                     NUMBER(1),
 Age                     VARCHAR2(10),
 Breed                   VARCHAR2(100),
 Chip                    NUMBER(1),
 Birth_Control           NUMBER(1),
 Founder_Location        VARCHAR2(200),
 
 CONSTRAINT ADOPT_PROJECT_PRIMARY_KEY PRIMARY KEY (Adopt_Project_No));
 
CREATE SEQUENCE adopt_project_seq
INCREMENT BY 1
START WITH 1
NOMAXVALUE
NOCYCLE
NOCACHE;

/
CREATE OR REPLACE TRIGGER AP_trigger  
BEFORE INSERT ON ADOPT_PROJECT
FOR EACH ROW

BEGIN
  SELECT 'AP' || TRIM(to_char(adopt_project_seq.NEXTVAL, '0009'))
  INTO   :new.Adopt_Project_No
  FROM   dual;
END;
/

commit;

----------認養圖片----------
alter session set deferred_segment_creation=false;

--DROP TABLE ADOPT_PIC;
--DROP SEQUENCE adopt_pic_seq;


CREATE TABLE ADOPT_PIC (
 Adopt_Pic_No             VARCHAR2(10) NOT NULL,
 Adopt_Project_No             VARCHAR2(10) NOT NULL REFERENCES ADOPT_PROJECT(Adopt_Project_No),
 Picture                      BLOB,
 CONSTRAINT ADOPT_PIC_PRIMARY_KEY PRIMARY KEY (Adopt_Pic_No));
 
CREATE SEQUENCE adopt_pic_seq
INCREMENT BY 1
START WITH 1
NOMAXVALUE
NOCYCLE
NOCACHE;

/
CREATE OR REPLACE TRIGGER APic_trigger  
BEFORE INSERT ON ADOPT_PIC
FOR EACH ROW

BEGIN
  SELECT 'APP' || TRIM(to_char(adopt_pic_seq.NEXTVAL, '0009'))
  INTO   :new.Adopt_Pic_No
  FROM   dual;
END;
/

commit;


----------認養單----------
alter session set deferred_segment_creation=false;

--DROP TABLE ADOPT_LIST;
--DROP SEQUENCE adopt_list_seq;


CREATE TABLE ADOPT_LIST (
 Adopt_List_No             VARCHAR2(10) NOT NULL,
 Adopt_Project_No             VARCHAR2(10) NOT NULL REFERENCES ADOPT_PROJECT(Adopt_Project_No),
 Adopter_No              VARCHAR2(10) NOT NULL REFERENCES MEMBER_INFO(Member_No),
 Real_Name             VARCHAR2(20) NOT NULL,
 Phone                      VARCHAR2(10) NOT NULL,
 Age                    NUMBER(2),
 ID_Card                VARCHAR2(10) NOT NULL,
 Address                VARCHAR2(300) NOT NULL,
 Email                                 VARCHAR2(50) NOT NULL,
 Sex                                    NUMBER(1),
 Date_Of_Application        DATE NOT NULL,
 Status                 NUMBER(1),
 
 
 CONSTRAINT ADOPT_LIST_PRIMARY_KEY PRIMARY KEY (Adopt_List_No));
 
CREATE SEQUENCE adopt_list_seq
INCREMENT BY 1
START WITH 1
NOMAXVALUE
NOCYCLE
NOCACHE;

/
CREATE OR REPLACE TRIGGER APL_trigger  
BEFORE INSERT ON ADOPT_LIST
FOR EACH ROW

BEGIN
  SELECT 'APL' || TRIM(to_char(adopt_list_seq.NEXTVAL, '0009'))
  INTO   :new.Adopt_List_No
  FROM   dual;
END;
/

commit;


----------募資專案----------
alter session set deferred_segment_creation=false;
--制定格式 date--
ALTER SESSION SET NLS_DATE_FORMAT = 'YYYY-MM-DD';

--DROP TABLE DONATE_PROJECT;
--DROP SEQUENCE donate_project_seq;



CREATE TABLE DONATE_PROJECT (
 Donate_Project_No             VARCHAR2(10) NOT NULL,
 Founder_No              VARCHAR2(10) NOT NULL REFERENCES MEMBER_INFO(Member_No),
 Project_Type              NUMBER(1),
 Donate_Project_Name            VARCHAR2(100),
 Donate_Content		CLOB,
 Goal               NUMBER NOT NULL,
 Money              NUMBER,
 Start_Date     DATE,
 End_Date   DATE,
 Donate_Result          CLOB,
 CONSTRAINT DONATE_PROJECT_PRIMARY_KEY PRIMARY KEY (Donate_Project_No));
 
CREATE SEQUENCE donate_project_seq
INCREMENT BY 1
START WITH 1
NOMAXVALUE
NOCYCLE
NOCACHE;

/
CREATE OR REPLACE TRIGGER DP_trigger  
BEFORE INSERT ON DONATE_PROJECT
FOR EACH ROW

BEGIN
  SELECT 'DP' || TRIM(to_char(donate_project_seq.NEXTVAL, '0009'))
  INTO   :new.Donate_Project_No
  FROM   dual;
END;
/

commit;



----------募資圖片----------
alter session set deferred_segment_creation=false;

--DROP TABLE DONATE_PIC;
--DROP SEQUENCE donate_pic_seq;
--DROP TRIGGER DPic_trigger;

CREATE TABLE DONATE_PIC (
 Donate_Pic_No             VARCHAR2(10) NOT NULL,
 Donate_Project_No             VARCHAR2(10) NOT NULL REFERENCES DONATE_PROJECT(Donate_Project_No),
 Picture                      BLOB,
 CONSTRAINT DONATE_PIC_PRIMARY_KEY PRIMARY KEY (Donate_Pic_No));
 
CREATE SEQUENCE donate_pic_seq
INCREMENT BY 1
START WITH 1
NOMAXVALUE
NOCYCLE
NOCACHE;

/
CREATE OR REPLACE TRIGGER DPic_trigger  
BEFORE INSERT ON DONATE_PIC
FOR EACH ROW

BEGIN
  SELECT 'DPP' || TRIM(to_char(donate_pic_seq.NEXTVAL, '0009'))
  INTO   :new.Donate_Pic_No
  FROM   dual;
END;
/

commit;


----------募資捐款明細----------
alter session set deferred_segment_creation=false;

--DROP TABLE DONATE_LIST;
--DROP SEQUENCE donate_project_list_seq;


CREATE TABLE DONATE_LIST (
 Donate_List_No             VARCHAR2(10) NOT NULL,
 Donate_Project_No          VARCHAR2(10) NOT NULL REFERENCES DONATE_PROJECT(Donate_Project_No),
 Donor_No                   VARCHAR2(10) NOT NULL REFERENCES MEMBER_INFO(Member_No),
 Amount                     NUMBER,
 Donate_Date                DATE,
 CONSTRAINT DONATE_LIST_PRIMARY_KEY PRIMARY KEY (Donate_List_No));
 
CREATE SEQUENCE donate_project_list_seq
INCREMENT BY 1
START WITH 1
NOMAXVALUE
NOCYCLE
NOCACHE;

/
CREATE OR REPLACE TRIGGER DPL_trigger  
BEFORE INSERT ON DONATE_LIST
FOR EACH ROW

BEGIN
  SELECT 'DPL' || TRIM(to_char(donate_project_list_seq.NEXTVAL, '0009'))
  INTO   :new.Donate_List_No
  FROM   dual;
END;
/

commit;
----------文章----------
--Drop Table ARTICLE;
--Drop SEQUENCE Article_No_Seq;
--Drop TRIGGER AR_trigger;

Create Table ARTICLE(
Article_No varchar2(10) Primary Key Not Null,
Article_Type number(2),
Member_No varchar2(10) Not Null REFERENCES MEMBER_INFO(Member_No),
Title varchar2(100)  Not Null,
Article_Content CLOB,
Picture BLOB,
Article_Date  TIMESTAMP DEFAULT CURRENT_TIMESTAMP,
Status number(2)
);

CREATE SEQUENCE Article_No_Seq
INCREMENT BY 1
START WITH 1
NOMAXVALUE
NOCYCLE
NOCACHE;

/
CREATE TRIGGER AR_trigger  
BEFORE INSERT ON ARTICLE
FOR EACH ROW

BEGIN
  SELECT 'AR' || TRIM(to_char(Article_No_Seq.NEXTVAL,'0000'))
  INTO   :new.Article_No
  FROM   dual;
END;
/
--Article_Type 0 生活分享 1 娛樂分享   2 食譜料理  3 醫療健康   4 失蹤協尋
--Status 0 發表 1草稿 2隱藏
insert into ARTICLE(Article_Type,Member_No,Title,Status,Article_Date) values (0,'M0001','春節帶毛孩返鄉去　大眾運輸規定總整理看這裡！',0, TO_DATE('2020-01-04','YYYY-MM-DD'));
insert into ARTICLE(Article_Type,Member_No,Title,Status,Article_Date) values (0,'M0008','春節帶毛孩返鄉去　大眾運輸規定總整理看這裡！',0, TO_DATE('2020-02-04','YYYY-MM-DD'));
insert into ARTICLE(Article_Type,Member_No,Title,Status,Article_Date) values (0,'M0008','只能養貓',0, TO_DATE('2020-02-05','YYYY-MM-DD'));
insert into ARTICLE(Article_Type,Member_No,Title,Status,Article_Date) values (0,'M0002','全台寵物友善民宿　帶毛小孩一起出去玩吧！',0, TO_DATE('2020-01-11','YYYY-MM-DD'));
insert into ARTICLE(Article_Type,Member_No,Title,Status,Article_Date) values (0,'M0002','春節不在家毛小孩何處去？臺北安心寵物旅館報你知！',0, TO_DATE('2020-01-15','YYYY-MM-DD'));
insert into ARTICLE(Article_Type,Member_No,Title,Status,Article_Date) values (2,'M0003','手殘也能輕鬆做！年菜DIY與愛貓一起過好年',0,TO_DATE('2020-01-09','YYYY-MM-DD'));
insert into ARTICLE(Article_Type,Member_No,Title,Status,Article_Date) values (0,'M0001','中大型犬也能搭捷運　淡水信義線19站開放寵物車進站',0,TO_DATE('2020-01-02','YYYY-MM-DD'));
insert into ARTICLE(Article_Type,Member_No,Title,Status,Article_Date) values (3,'M0003','毛小孩吃鮮食好健康？ 美國研究：網路食譜營養恐不足！',0,TO_DATE('2019-07-05','YYYY-MM-DD'));
insert into ARTICLE(Article_Type,Member_No,Title,Status,Article_Date) values (3,'M0003','我不醫人／如何維持毛孩牙齒健康？來了解居家牙齒照護！',0,TO_DATE('2019-06-27','YYYY-MM-DD'));
insert into ARTICLE(Article_Type,Member_No,Title,Status,Article_Date) values (0,'M0001','貓與香菜／讓養貓的日子更美好　5種貓奴必備的生活用品！',0,TO_DATE('2019-06-27','YYYY-MM-DD'));
insert into ARTICLE(Article_Type,Member_No,Title,Status,Article_Date) values (3,'M0001','預防毛小孩中暑　冷氣到底要開幾度才好？',0,TO_DATE('2020-01-30','YYYY-MM-DD'));
insert into ARTICLE(Article_Type,Member_No,Title,Status,Article_Date) values (0,'M0002','過年不小心吃得肥嘟嘟？帶毛孩一起去這些景點走春吧！',0,TO_DATE('2020-01-23','YYYY-MM-DD'));
insert into ARTICLE(Article_Type,Member_No,Title,Status,Article_Date) values (0,'M0015','貓與香菜／讓養貓的日子更美好　5種貓奴必備的生活用品！',0,TO_DATE('2020-01-30','YYYY-MM-DD'));
insert into ARTICLE(Article_Type,Member_No,Title,Status,Article_Date) values (1,'M0001','新年穿新衣！5種超萌穿搭　讓主子一起喜氣洋洋過好年',0,TO_DATE('2020-01-24','YYYY-MM-DD'));
insert into ARTICLE(Article_Type,Member_No,Title,Status,Article_Date) values (4,'M0005','【桃園市】中壢後站 短腿曼斥肯品種 已節育有植晶片 淡橘色(奶貓)',0,TO_DATE('2020-02-01','YYYY-MM-DD'));
insert into ARTICLE(Article_Type,Member_No,Title,Status,Article_Date) values (0,'M0003','汪星人行為學／當狗狗出現這三個舉動　代表牠在擔心你！',1,TO_DATE('2020-02-22','YYYY-MM-DD'));
insert into ARTICLE(Article_Type,Member_No,Title,Status,Article_Date) values (0,'M0004','狗狗常見3種皮膚病　預防勝於治療｜PETTALK愛寵健康談',1,TO_DATE('2020-03-02','YYYY-MM-DD'));
insert into ARTICLE(Article_Type,Member_No,Title,Status,Article_Date) values (0,'M0009','權威雜誌狗糧評比出爐！入選2020 WDJ的品牌有這些',1,TO_DATE('2020-02-04','YYYY-MM-DD'));
commit;


----------文章收藏----------
--Drop Table ARTICLE_COLLECTION;


Create Table ARTICLE_COLLECTION(
Article_No varchar2(10) Not Null REFERENCES ARTICLE(Article_No),
Member_No varchar2(10)Not Null REFERENCES MEMBER_INFO(Member_No),
Constraint ARTICLE_COLLECTION_PRIMARY_KEY primary key(Article_No,Member_No)
);

insert into ARTICLE_COLLECTION(Article_No,Member_No) values ('AR0001','M0001');
insert into ARTICLE_COLLECTION(Article_No,Member_No) values ('AR0002','M0002');
insert into ARTICLE_COLLECTION(Article_No,Member_No) values ('AR0003','M0003');
insert into ARTICLE_COLLECTION(Article_No,Member_No) values ('AR0004','M0004');
insert into ARTICLE_COLLECTION(Article_No,Member_No) values ('AR0005','M0005');
insert into ARTICLE_COLLECTION(Article_No,Member_No) values ('AR0006','M0004');
insert into ARTICLE_COLLECTION(Article_No,Member_No) values ('AR0007','M0001');
insert into ARTICLE_COLLECTION(Article_No,Member_No) values ('AR0008','M0002');
insert into ARTICLE_COLLECTION(Article_No,Member_No) values ('AR0009','M0003');
insert into ARTICLE_COLLECTION(Article_No,Member_No) values ('AR0010','M0004');
insert into ARTICLE_COLLECTION(Article_No,Member_No) values ('AR0011','M0005');
insert into ARTICLE_COLLECTION(Article_No,Member_No) values ('AR0012','M0008');
insert into ARTICLE_COLLECTION(Article_No,Member_No) values ('AR0013','M0009');
insert into ARTICLE_COLLECTION(Article_No,Member_No) values ('AR0014','M0015');
insert into ARTICLE_COLLECTION(Article_No,Member_No) values ('AR0015','M0001');

commit;

----------文章留言表格----------
--Drop Table ARTICLE_MESSAGE;
--Drop SEQUENCE Message_No_Seq;
--Drop  TRIGGER ARC_trigger;

Create Table ARTICLE_MESSAGE(
Message_No varchar2(10) Primary Key Not Null,
Article_No varchar2(10) Not Null,
Message_Content varchar2(300) Not Null,
Member_No varchar2(10) Not Null REFERENCES MEMBER_INFO(Member_No),
Status number(2),
Message_Date  TIMESTAMP DEFAULT CURRENT_TIMESTAMP,
Constraint FK_Message_Article
Foreign key(Article_No) References ARTICLE(Article_No)
);

CREATE SEQUENCE Message_No_Seq
INCREMENT BY 1
START WITH 1
NOMAXVALUE
NOCYCLE
NOCACHE;

/
CREATE TRIGGER ARC_trigger  
BEFORE INSERT ON ARTICLE_MESSAGE
FOR EACH ROW

BEGIN
  SELECT 'ARC' || TRIM(to_char(Message_No_Seq.NEXTVAL,'0000'))
  INTO   :new.Message_No
  FROM   dual;
END;
/
--Status 0發表 1隱藏
insert into ARTICLE_MESSAGE(Article_No ,Message_Content ,Member_No, Status,message_date)
values ('AR0001','XXXXXX','M0008',0,TO_DATE('2020-03-01','YYYY-MM-DD'));
insert into ARTICLE_MESSAGE(Article_No ,Message_Content ,Member_No, Status,message_date)
values ('AR0001','很棒的資訊','M0001',0,TO_DATE('2020-03-02','YYYY-MM-DD'));
insert into ARTICLE_MESSAGE(Article_No ,Message_Content ,Member_No, Status,message_date)
values ('AR0002','很棒的資訊','M0002',0,TO_DATE('2020-03-03','YYYY-MM-DD'));
insert into ARTICLE_MESSAGE(Article_No ,Message_Content ,Member_No, Status,message_date)
values ('AR0003','很棒的資訊','M0003',0,TO_DATE('2020-03-04','YYYY-MM-DD'));
insert into ARTICLE_MESSAGE(Article_No ,Message_Content ,Member_No, Status,message_date)
values ('AR0004','很棒的資訊','M0005',0,TO_DATE('2020-03-05','YYYY-MM-DD'));
insert into ARTICLE_MESSAGE(Article_No ,Message_Content ,Member_No, Status,message_date)
values ('AR0005','很棒的資訊','M0006',0,TO_DATE('2020-03-06','YYYY-MM-DD'));
insert into ARTICLE_MESSAGE(Article_No ,Message_Content ,Member_No, Status,message_date)
values ('AR0006','很棒的資訊','M0007',0,TO_DATE('2020-03-07','YYYY-MM-DD'));
insert into ARTICLE_MESSAGE(Article_No ,Message_Content ,Member_No, Status,message_date)
values ('AR0007','很棒的資訊','M0008',0,TO_DATE('2020-03-08','YYYY-MM-DD'));
insert into ARTICLE_MESSAGE(Article_No ,Message_Content ,Member_No, Status,message_date)
values ('AR0008','很棒的資訊','M0009',0,TO_DATE('2020-03-09','YYYY-MM-DD'));
insert into ARTICLE_MESSAGE(Article_No ,Message_Content ,Member_No, Status,message_date)
values ('AR0009','很棒的資訊','M0015',0,TO_DATE('2020-03-09','YYYY-MM-DD'));
insert into ARTICLE_MESSAGE(Article_No ,Message_Content ,Member_No, Status,message_date)
values ('AR0010','很棒的資訊','M0004',0,TO_DATE('2020-03-01','YYYY-MM-DD'));
insert into ARTICLE_MESSAGE(Article_No ,Message_Content ,Member_No, Status,message_date)
values ('AR0011','很棒的資訊','M0001',0,TO_DATE('2020-03-02','YYYY-MM-DD'));
insert into ARTICLE_MESSAGE(Article_No ,Message_Content ,Member_No, Status,message_date)
values ('AR0012','很棒的資訊','M0002',0,TO_DATE('2020-03-03','YYYY-MM-DD'));
insert into ARTICLE_MESSAGE(Article_No ,Message_Content ,Member_No, Status,message_date)
values ('AR0013','很棒的資訊','M0003',0,TO_DATE('2020-03-04','YYYY-MM-DD'));
insert into ARTICLE_MESSAGE(Article_No ,Message_Content ,Member_No, Status,message_date)
values ('AR0014','很棒的資訊','M0004',0,TO_DATE('2020-03-05','YYYY-MM-DD'));
insert into ARTICLE_MESSAGE(Article_No ,Message_Content ,Member_No, Status,message_date)
values ('AR0015','很棒的資訊','M0005',0,TO_DATE('2020-03-06','YYYY-MM-DD'));
insert into ARTICLE_MESSAGE(Article_No ,Message_Content ,Member_No, Status,message_date)
values ('AR0015','很棒的資訊','M0006',1,TO_DATE('2020-03-07','YYYY-MM-DD'));
commit;

----------文章檢舉----------
alter session set deferred_segment_creation=false;

--DROP TABLE ARTICLE_REPORT;
--DROP SEQUENCE ARTICLE_REPORT_SEQ;


CREATE TABLE ARTICLE_REPORT (
Article_Report_No     VARCHAR2(10) NOT NULL,
Article_No            VARCHAR2(10) NOT NULL REFERENCES ARTICLE(Article_No),
Reason                VARCHAR2(100),
Member_No             VARCHAR2(10) NOT NULL REFERENCES MEMBER_INFO(Member_No),
Report_Date	      	  TIMESTAMP DEFAULT CURRENT_TIMESTAMP,
Status		          NUMBER(2),

 
CONSTRAINT ARTICLE_REPORT_PRIMARY_KEY PRIMARY KEY (Article_Report_No));
 
CREATE SEQUENCE ARTICLE_REPORT_SEQ
INCREMENT BY 1
START WITH 1
NOMAXVALUE
NOCYCLE
NOCACHE;

/
CREATE OR REPLACE TRIGGER RAR_trigger  
BEFORE INSERT ON ARTICLE_REPORT
FOR EACH ROW

BEGIN
  SELECT 'RAR' || TRIM(to_char(ARTICLE_REPORT_SEQ.NEXTVAL, '0000'))
  INTO   :new.Article_Report_No
  FROM   dual;
END;
/
--Status 0待處理 1封存 2保留
INSERT INTO ARTICLE_REPORT (Article_No,Reason,Member_No,Status,Report_Date) VALUES ('AR0002', '重複','M0001',0,TO_DATE('2020-03-07','YYYY-MM-DD'));
INSERT INTO ARTICLE_REPORT (Article_No,Reason,Member_No,Status,Report_Date) VALUES ('AR0003', '圖文不符','M0001',0,TO_DATE('2020-03-07','YYYY-MM-DD'));
INSERT INTO ARTICLE_REPORT (Article_No,Reason,Member_No,Status,Report_Date) VALUES ('AR0002', '重複','M0002',0,TO_DATE('2020-03-07','YYYY-MM-DD'));
INSERT INTO ARTICLE_REPORT (Article_No,Reason,Member_No,Status,Report_Date) VALUES ('AR0003', '圖文不符','M0002',0,TO_DATE('2020-03-07','YYYY-MM-DD'));
INSERT INTO ARTICLE_REPORT (Article_No,Reason,Member_No,Status,Report_Date) VALUES ('AR0002', '重複','M0003',0,TO_DATE('2020-03-07','YYYY-MM-DD'));
INSERT INTO ARTICLE_REPORT (Article_No,Reason,Member_No,Status,Report_Date) VALUES ('AR0003', '圖文不符','M0003',0,TO_DATE('2020-03-07','YYYY-MM-DD'));

commit;

----------留言檢舉----------
alter session set deferred_segment_creation=false;

--DROP TABLE MESSAGE_REPORT;
--DROP SEQUENCE MESSAGE_REPORT_SEQ;


CREATE TABLE MESSAGE_REPORT (
Message_Report_No     VARCHAR2(10) NOT NULL,
Message_No            VARCHAR2(10) NOT NULL REFERENCES ARTICLE_MESSAGE(Message_No),
Reason                VARCHAR2(100),
Member_No             VARCHAR2(10) NOT NULL REFERENCES MEMBER_INFO(Member_No),
Report_Date	      	  TIMESTAMP DEFAULT CURRENT_TIMESTAMP,
Status		          NUMBER(2),

 
CONSTRAINT MESSAGE_REPORT_PRIMARY_KEY PRIMARY KEY (Message_Report_No));
 
CREATE SEQUENCE MESSAGE_REPORT_SEQ
INCREMENT BY 1
START WITH 1
NOMAXVALUE
NOCYCLE
NOCACHE;

/
CREATE OR REPLACE TRIGGER RARC_trigger  
BEFORE INSERT ON MESSAGE_REPORT
FOR EACH ROW

BEGIN
  SELECT 'RARC' || TRIM(to_char(MESSAGE_REPORT_SEQ.NEXTVAL,'0000'))
  INTO   :new.Message_Report_No
  FROM   dual;
END;
/

INSERT INTO MESSAGE_REPORT (Message_No,Reason,Member_No,Status,Report_Date) VALUES ('ARC0001', '謾罵','M0001',0,TO_DATE('2020-02-07','YYYY-MM-DD'));
INSERT INTO MESSAGE_REPORT (Message_No,Reason,Member_No,Status,Report_Date) VALUES ('ARC0001', '引戰','M0002',0,TO_DATE('2020-02-06','YYYY-MM-DD'));
INSERT INTO MESSAGE_REPORT (Message_No,Reason,Member_No,Status,Report_Date) VALUES ('ARC0001', '不雅','M0003',0,TO_DATE('2020-02-06','YYYY-MM-DD'));

commit;